ID,IME,ZapLtk,DIM,Pvmleko,PVBelj,PVMasc,KapaKazein,PovprescnaStLakt,PovrepcneBelj,PovprecneMascobe,OdsBelj,OdsMasc
SI94476196,BUCKA,1,223,NA,NA,NA,BB,NA,NA,NA,NA,NA
SI94422300,BEKA,1,259,NA,NA,NA,BB,NA,NA,NA,NA,NA
SI84521376,BISTRA,1,NA,NA,NA,NA,AB,NA,NA,NA,NA,NA
SI84497615,JULA,1,233,129.1,127.7,129.1,BB,NA,NA,NA,NA,NA
SI84497581,SVILA,1,226,111.8,120.7,111.8,BB,NA,NA,NA,NA,NA
SI84458641,AISHA,1,274,114.7,114.9,114.7,BB,NA,NA,NA,NA,NA
SI84378099,MURA,1,249,121.8,129.8,121.8,AB,NA,NA,NA,NA,NA
SI84348676,SEKUNDA,1,255,111.4,116.3,111.4,AA,NA,NA,NA,NA,NA
SI84294065,VANDA,1,292,122.7,137,122.7,AA,NA,NA,NA,NA,NA
SI74565401,ANI,1,279,114.8,119.6,114.8,BB,NA,NA,NA,NA,NA
SI74503955,BUBA,1,233,105.1,111.6,105.1,BB,NA,NA,NA,NA,NA
SI74497582,JOVITA,1,307,127.3,128.8,127.3,BB,NA,NA,NA,NA,NA
SI64499846,BELKA,1,233,104.3,103.4,104.3,AA,NA,NA,NA,NA,NA
SI64498072,MIRNA,1,242,NA,NA,NA,AB,NA,NA,NA,NA,NA
SI64494140,HOLCA,1,295,123.9,123.3,123.9,AB,NA,NA,NA,NA,NA
SI54515439,SABRINA,1,248,117.1,115.2,117.1,BB,NA,NA,NA,NA,NA
SI54513671,SALTA,1,289,91.4,88.7,91.4,BB,NA,NA,NA,NA,NA
SI54497979,ZERA,1,279,107.4,120,107.4,BB,NA,NA,NA,NA,NA
SI54424636,SIDRA,1,178,103.9,106,103.9,AB,NA,NA,NA,NA,NA
SI44523224,DIZA,1,266,111.6,112.4,111.6,BB,NA,NA,NA,NA,NA
SI44503116,SAVINJA,1,264,119.2,119,119.2,BB,NA,NA,NA,NA,NA
SI44502665,CITA,1,289,121.7,123.2,121.7,BB,NA,NA,NA,NA,NA
SI44494180,SAGA,1,302,120.8,123.4,120.8,BB,NA,NA,NA,NA,NA
SI44354118,DASA,1,262,106.4,110.6,106.4,AB,NA,NA,NA,NA,NA
SI34505449,PRADA,1,253,111,119.2,111,AB,NA,NA,NA,NA,NA
SI34423981,SOCA,1,258,119.1,113.8,119.1,AA,NA,NA,NA,NA,NA
SI34421202,SIVKA,1,293,114.1,114.6,114.1,BB,NA,NA,NA,NA,NA
SI34378094,MARUSA,1,259,128.8,130,128.8,AB,NA,NA,NA,NA,NA
SI24565406,ZIVA,1,255,130,134.9,130,BB,NA,NA,NA,NA,NA
SI24504968,STELA,1,204,113.9,113.2,113.9,AB,NA,NA,NA,NA,NA
SI24463304,BURJA,1,276,110,116.8,110,BB,NA,NA,NA,NA,NA
SI24348672,MEDOLINA,1,302,107.4,110.4,107.4,AB,NA,NA,NA,NA,NA
SI14498888,MUKA,1,257,117.2,121.6,117.2,AB,NA,NA,NA,NA,NA
SI14454259,LINA,1,297,110.1,105.6,110.1,BB,NA,NA,NA,NA,NA
SI14304680,SUZI,1,291,122.1,122.6,122.1,AB,NA,NA,NA,NA,NA
SI04592770,LASKA,1,259,97.1,97.1,97.1,BB,NA,NA,NA,NA,NA
SI04559812,SVEA,1,193,111.7,114.7,111.7,BB,NA,NA,NA,NA,NA
SI04500980,ZALA,1,221,117.3,112.8,117.3,AB,NA,NA,NA,NA,NA
SI04494139,HOJKA,1,254,115.1,114.1,115.1,BB,NA,NA,NA,NA,NA
SI94014769,SOBOTA,3,343,128,138.8,128,AA,8080,310,458,3.84,5.67
SI33853000,STAMPA,3,355,107.4,114.7,107.4,AB,6539,251,356,3.84,5.44
SI63952962,IMENA,3,357,125.7,126.1,125.7,AB,7853,278,422,3.54,5.37
SI94294095,MURVA,2,74,106.6,109.9,106.6,BB,7010,283,368,4.04,5.25
SI13869571,MULA,4,NA,133.2,136,133.2,BB,9845,360,510,3.66,5.18
SI03943623,SODRA,3,324,129.1,145.5,129.1,BB,8100,320,419,3.95,5.17
SI14294048,STRINA,2,233,106.7,111.9,106.7,AB,7480,286,386,3.82,5.16
SI63985591,MORILLA,4,302,113.1,127.8,113.1,BB,6679,263,344,3.94,5.15
SI44242196,DIRA,2,224,122.2,127.7,122.2,BB,6891,241,352,3.5,5.11
SI74294066,SYRA,2,157,103.6,98.9,103.6,AB,7730,262,394,3.39,5.1
SI54110292,MEDIKA,2,279,98,103.2,98,AB,4069,147,204,3.61,5.01
SI33655699,INDIJA,6,NA,123.7,126.8,123.7,AB,7643,277,382,3.62,5
SI04018621,RIKA,3,337,116.4,122.3,116.4,AB,6977,258,348,3.7,4.99
SI44217046,MEKA,3,56,109,108.9,109,AB,7596,282,378,3.71,4.98
SI34024719,SENKA,4,NA,117.4,116.3,117.4,BB,7284,259,361,3.56,4.96
SI04415688,SOTA,1,410,120.1,116.7,120.1,BB,6758,238,335,3.52,4.96
SI14288892,SMIRGLA,2,72,105.8,109.4,105.8,BB,5474,214,271,3.91,4.95
SI93736167,SAMARA,6,105,137,147.5,137,AB,8423,315,416,3.74,4.94
SI84288905,TONCKA,2,185,116.6,114.9,116.6,BB,6591,238,325,3.61,4.93
SI84499851,MUCA,1,372,100.3,100.9,100.3,AA,5098,184,251,3.61,4.92
SI73882600,SAHILA,5,36,108.9,117.5,108.9,BB,7650,303,376,3.96,4.92
SI63753237,SALOMA,4,404,137,142.8,137,AB,8610,310,424,3.6,4.92
SI44298609,HONDA,2,268,104.3,106.7,104.3,AA,7034,238,345,3.38,4.9
SI54191381,SRNA,2,447,121.5,127.2,121.5,AB,7116,260,348,3.65,4.89
SI34038059,SREDA,3,376,135,134.8,135,BB,9942,364,486,3.66,4.89
SI54217045,MALORA,2,295,101.8,101.1,101.8,AA,7621,283,372,3.71,4.88
SI34303058,SIMA,1,651,101.3,98.8,101.3,AA,6007,205,293,3.41,4.88
SI23869745,RABA,3,NA,103,109.4,103,BB,5653,200,276,3.54,4.88
SI84235419,NONA,3,348,111.8,127.7,111.8,BB,6527,262,318,4.01,4.87
SI24303114,ANICA,2,54,88.7,90,88.7,BB,3450,131,168,3.8,4.87
SI04290698,RIVERA,2,217,101,105.7,101,BB,5631,203,274,3.61,4.87
SI93918282,SLUTA,4,460,132.2,119.7,132.2,BB,8026,261,390,3.25,4.86
SI83920349,SIDRA,5,230,99.4,106.9,99.4,AB,5209,193,253,3.71,4.86
SI64307561,SEKRA,1,560,102,104.4,102,AA,6007,222,292,3.7,4.86
SI34503155,SRNA,1,NA,110.2,115.9,110.2,AB,4844,172,235,3.55,4.85
SI04156691,LISKA,2,433,98.3,106.9,98.3,BB,5164,204,250,3.95,4.84
SI34298569,SILBER,2,126,116.8,118.1,116.8,AA,8125,291,392,3.58,4.82
SI03744723,SREDA,5,NA,104.5,107.6,104.5,AA,5995,222,289,3.7,4.82
SI63867770,JUDY,3,NA,118.3,116.1,118.3,AB,7197,251,346,3.49,4.81
SI63882601,SAWONA,4,286,125.1,111,125.1,BB,8814,295,423,3.35,4.8
SI14349966,DONA,2,156,122.1,116.4,122.1,AA,7367,237,353,3.22,4.79
SI93750987,DEVA,4,NA,103.3,111.3,103.3,AB,5463,210,261,3.84,4.78
SI73951795,SULA,3,328,106.7,110.8,106.7,BB,6272,223,299,3.56,4.77
SI34418822,STRUNA,2,155,113.9,118.9,113.9,AB,6241,224,298,3.59,4.77
SI23706105,STRELA,6,350,120.7,125.1,120.7,BB,7382,267,352,3.62,4.77
SI14280258,SLAMA,2,161,99.8,98.8,99.8,AB,4069,131,194,3.22,4.77
SI73747664,VEKA,4,401,112.8,114.3,112.8,AB,6262,227,297,3.63,4.74
SI14298602,VEJA,2,359,119.8,119.6,119.8,BB,7161,259,339,3.62,4.73
SI94246487,PISKA,2,238,103.2,104.3,103.2,AA,5499,208,259,3.78,4.71
SI93575027,SENA,4,NA,112,117,112,AB,6388,236,301,3.69,4.71
SI23869570,SAMARA,4,445,126.2,134.5,126.2,BB,9000,346,424,3.84,4.71
SI04147442,SLAMA,3,254,118.4,122.9,118.4,BB,6618,240,312,3.63,4.71
SI93882608,SLIKA,4,185,122.5,140.3,122.5,BB,8922,363,419,4.07,4.7
SI73386915,JERA,5,NA,119.8,130.5,119.8,AB,7248,271,340,3.74,4.69
SI44235358,VATA,3,NA,104.4,110.5,104.4,BB,5843,222,274,3.8,4.69
SI44023061,MUKA,2,385,125.1,130.9,125.1,BB,7831,289,367,3.69,4.69
SI04017273,SIVKA,4,37,94.9,100.1,94.9,BB,5058,196,237,3.88,4.69
SI73856494,SOFIJA,5,186,127.7,133.2,127.7,BB,7460,276,349,3.7,4.68
SI44515636,KUHA,1,290,121.4,121,121.4,AA,6906,247,323,3.58,4.68
SI44147376,SUXA,4,302,95.5,97,95.5,BB,5796,212,271,3.66,4.68
SI33882604,SODA,4,256,114.9,118.4,114.9,AB,8533,324,399,3.8,4.68
SI93943617,ICA,3,NA,118.5,118.5,118.5,AB,7346,260,343,3.54,4.67
SI84246419,BAJKA,3,NA,121,119.5,121,AB,6768,237,316,3.5,4.67
SI84290126,MINA,1,455,130.7,134.8,130.7,BB,7341,275,342,3.75,4.66
SI74218714,SIRENA,2,NA,104,108.2,104,BB,5348,186,249,3.48,4.66
SI33745635,MURA,5,102,123,131.8,123,BB,8600,330,401,3.84,4.66
SI14514322,BIBA,1,NA,107.1,106.1,107.1,AB,5310,166,247,3.13,4.65
SI14014554,DRAGA,4,330,107.3,118.1,107.3,BB,5468,207,254,3.79,4.65
SI04415750,BRENTA,2,NA,85,88.3,85,AB,3056,110,142,3.6,4.65
SI34151875,SANTA,3,NA,94.4,102.7,94.4,BB,4695,184,218,3.92,4.64
SI24277853,ROSA,2,321,126.2,134,126.2,BB,3728,144,173,3.86,4.64
SI74349740,SAHARA,1,442,123.1,126.2,123.1,BB,6433,239,298,3.72,4.63
SI64294074,MALA,1,322,111.4,126.8,111.4,AB,7617,327,353,4.29,4.63
SI54307287,SANELA,2,202,110.9,110.2,110.9,BB,5052,187,234,3.7,4.63
SI64304692,SABINA,2,82,120.9,119,120.9,AB,6650,229,307,3.44,4.62
SI54024717,STELA,3,359,135.2,138.1,135.2,BB,8455,301,391,3.56,4.62
SI03237526,ORIGANA,7,148,121.4,134,121.4,BB,7646,299,353,3.91,4.62
SI94218705,BUSKA,2,66,116.7,113.2,116.7,AB,6638,217,306,3.27,4.61
SI94019166,ZIKA,5,65,90.3,90.9,90.3,AB,4295,147,198,3.42,4.61
SI63879874,BEYONCE,4,NA,125,129.7,125,AB,7381,273,340,3.7,4.61
SI63547300,SONCA,6,489,108.1,106.9,108.1,BB,6139,209,283,3.4,4.61
SI14051337,SVEJA,4,26,128.9,136.2,128.9,BB,7226,277,333,3.83,4.61
SI54051340,DOLGA,3,110,112.3,119.2,112.3,AB,5848,226,269,3.86,4.6
SI34217078,MANTA,2,343,122.3,121.9,122.3,BB,8688,318,400,3.66,4.6
SI03869572,MIMA,4,166,134.6,136,134.6,BB,9351,350,430,3.74,4.6
SI94038060,SRECA,3,NA,98.6,99.9,98.6,AB,7313,273,336,3.73,4.59
SI34077906,BILKA,2,NA,105.3,113.9,105.3,AB,4486,173,206,3.86,4.59
SI83943601,BISTRA,4,119,110,116.2,110,BB,6129,229,281,3.74,4.58
SI64288907,TESLA,2,28,107.6,107.1,107.6,AB,5836,217,267,3.72,4.58
SI64024716,SIMA,1,770,116.6,117.3,116.6,BB,6686,250,306,3.74,4.58
SI44147819,JORMA,3,278,119.3,124.8,119.3,AB,7160,262,328,3.66,4.58
SI34298583,SOLANA,2,NA,104.1,106.4,104.1,BB,5933,197,272,3.32,4.58
SI33867766,MISSY,4,425,123.6,126.1,123.6,AA,6827,247,313,3.62,4.58
SI33608673,MIRA,6,157,101.5,99.7,101.5,AB,5369,187,246,3.48,4.58
SI23985423,SRNA,3,NA,109.5,110.7,109.5,BB,6456,234,296,3.62,4.58
SI54294068,MAGYA,1,NA,103,96.9,103,BB,6802,248,311,3.65,4.57
SI44349437,BOVHA,2,157,95.4,93.9,95.4,NA,4964,169,227,3.4,4.57
SI34232033,SARMA,2,375,102.4,99.5,102.4,AB,5294,184,242,3.48,4.57
SI14217070,CAMILA,2,NA,107.8,108.1,107.8,BB,7879,301,360,3.82,4.57
SI54242157,JURKA,2,354,115.6,111.9,115.6,BB,6736,229,307,3.4,4.56
SI44188139,JUMFA,3,NA,127,137.5,127,BB,8412,325,384,3.86,4.56
SI34057070,STELA,2,NA,108.1,109.6,108.1,AB,5576,199,254,3.57,4.56
SI73576721,SOTLA,6,297,125.5,133.7,125.5,AB,7586,287,345,3.78,4.55
SI13985589,SVAGA,4,145,118.1,122.2,118.1,NA,7384,268,336,3.63,4.55
SI94013256,DRINA,4,179,111.6,124.4,111.6,AB,6183,250,281,4.04,4.54
SI74294080,MORAVA,2,70,114,110,114,AB,8501,307,386,3.61,4.54
SI54298574,HAPPY,2,257,107.3,99.8,107.3,AB,6063,196,275,3.23,4.54
SI33917500,LINDA,4,120,121.8,126.5,121.8,AB,8131,300,369,3.69,4.54
SI13611440,BIBA,6,NA,108.6,107.4,108.6,BB,5883,206,267,3.5,4.54
SI74024715,DAMA,3,269,128.3,130.5,128.3,AB,7152,265,324,3.71,4.53
SI64294050,SAMA,2,229,117.3,105.9,117.3,BB,7356,242,333,3.29,4.53
SI54184598,KALA,2,NA,127,132.1,127,AB,7460,268,338,3.59,4.53
SI94463307,BOSANKA,1,331,120.1,126.3,120.1,BB,7453,288,337,3.86,4.52
SI94342428,SORA,2,216,110.1,111.1,110.1,AA,5484,190,248,3.46,4.52
SI84020545,JELSA,3,303,127.3,132.3,127.3,NA,7898,286,357,3.62,4.52
SI63952663,BELICA,4,282,93.3,103.2,93.3,AB,4694,179,212,3.81,4.52
SI43115752,BAKLA,8,110,119.6,124,119.6,AB,6835,243,309,3.56,4.52
SI34294060,MAXIMA,2,39,128.2,132.7,128.2,BB,9573,362,433,3.78,4.52
SI04147404,MUNJA,3,431,108.4,110.6,108.4,BB,6156,233,278,3.78,4.52
SI03783278,LOJZIKA,3,502,111.5,112.5,111.5,AB,5313,178,240,3.35,4.52
SI64273886,TRISA,3,102,104.5,106.8,104.5,NA,5852,219,264,3.74,4.51
SI54241259,MOCA,2,NA,106.8,105.2,106.8,AB,5361,187,242,3.49,4.51
SI64038056,SEKA,4,73,99,98.5,99,AB,7208,275,324,3.82,4.5
SI43857467,SOCA,5,77,115.1,125.9,115.1,BB,6340,235,285,3.71,4.5
SI04499873,JUNKA,1,342,107.9,109,107.9,BB,6674,243,300,3.64,4.5
SI84356123,MUHA,2,64,113.5,116.4,113.5,AB,6008,228,270,3.79,4.49
SI24242174,VEJA,2,359,108.5,110.5,108.5,BB,5904,203,265,3.44,4.49
SI14107971,NINA,2,331,110.3,107.1,110.3,BB,6549,227,294,3.47,4.49
SI94239467,JOPA,2,NA,119.4,120.2,119.4,BB,6677,238,299,3.56,4.48
SI84288895,SOLATA,2,230,116.8,118.8,116.8,BB,6523,250,292,3.83,4.48
SI54051357,TORA,2,71,121.1,119.8,121.1,AB,6689,235,300,3.51,4.48
SI43948882,BRENA,4,147,120.4,119.9,120.4,AB,6649,229,298,3.44,4.48
SI73980825,ARNIKA,3,299,100.8,107.7,100.8,AA,6270,244,280,3.89,4.47
SI54049930,RENCA,3,NA,106.7,108,106.7,AB,5610,188,251,3.35,4.47
SI34185182,MEGI,3,291,117.9,115.5,117.9,AB,5840,189,261,3.24,4.47
SI24496012,SVITA,2,123,113.1,111.7,113.1,AB,6059,202,271,3.33,4.47
SI84217114,DJULA,1,NA,104.7,105.3,104.7,AA,6254,237,279,3.79,4.46
SI74051355,TROLA,3,174,115.2,112.6,115.2,BB,6215,222,277,3.57,4.46
SI64378091,VANDA,2,126,99.4,104.2,99.4,BB,5063,195,226,3.85,4.46
SI64151889,MAJOLKA,2,270,120.6,117.4,120.6,AB,6612,240,295,3.63,4.46
SI53861641,MOCA,5,329,110.1,114.6,110.1,AB,6304,231,281,3.66,4.46
SI04180128,ZILA,3,NA,120.1,124.7,120.1,AB,7705,286,344,3.71,4.46
SI73942883,JEZICA,4,207,131,125.8,131,BB,7814,271,348,3.47,4.45
SI54307610,BRELA,2,84,99.3,97.3,99.3,AB,4155,125,185,3.01,4.45
SI54057054,PANDA,3,203,103.3,101.8,103.3,AA,5594,195,249,3.49,4.45
SI04413686,SONCNCA,1,NA,119.8,119.1,119.8,AB,5127,164,228,3.2,4.45
SI44191399,LARA,3,112,114.5,119.6,114.5,BB,6425,238,285,3.7,4.44
SI24290490,BURJA,2,NA,102.7,95.4,102.7,AA,5268,160,234,3.04,4.44
SI04496210,SLIVA,2,55,117.8,119.8,117.8,BE,6733,242,299,3.59,4.44
SI04022514,BAJKA,4,181,103.6,107.5,103.6,BB,5566,205,247,3.68,4.44
SI64022501,BOMBA,4,185,99.5,97.4,99.5,AB,5845,196,259,3.35,4.43
SI44463814,SURLA,1,300,130.1,132.6,130.1,AB,8016,282,355,3.52,4.43
SI44181008,SOCA,3,NA,136.1,136.5,136.1,BB,8532,298,378,3.49,4.43
SI34494136,JUZA,1,395,122,115,122,AB,7087,236,314,3.33,4.43
SI34290475,SARA,1,352,112.8,112.6,112.8,BB,5980,188,265,3.14,4.43
SI94243020,BRINA,3,117,110.9,111.2,110.9,BB,6450,240,285,3.72,4.42
SI53529006,SPAKA,4,91,103,104.1,103,AB,4862,163,215,3.35,4.42
SI44463302,MIZICA,1,302,109.6,109.2,109.6,AA,6453,233,285,3.61,4.42
SI24217055,PATRIA,2,147,111.4,105.3,111.4,AB,8409,297,372,3.53,4.42
SI23995415,KOBRA,5,NA,113.2,115.3,113.2,AB,6364,226,281,3.55,4.42
SI04298067,SISI,3,66,112.6,113.9,112.6,BB,5793,220,256,3.8,4.42
SI94158890,SANA,3,49,108.2,117.6,108.2,AB,5482,212,242,3.87,4.41
SI93945121,BILKA,4,NA,93.5,93.3,93.5,AB,4486,151,198,3.37,4.41
SI54149353,BUDJOLA,3,NA,130.7,134.1,130.7,BB,8566,316,378,3.69,4.41
SI24306571,GREKA,1,330,106.6,110.9,106.6,AB,7408,277,327,3.74,4.41
SI24245885,DORIS,2,311,111,104,111,AA,7013,245,309,3.49,4.41
SI24147419,SEKA,3,NA,103.2,106.9,103.2,BB,5579,212,246,3.8,4.41
SI63860034,BIBA,5,183,91,95.5,91,AA,4414,149,194,3.38,4.4
SI24354127,META,2,63,113.6,118.5,113.6,AB,5314,196,234,3.69,4.4
SI04499897,KRKA,1,NA,109.6,115.4,109.6,BB,5183,195,228,3.76,4.4
SI84050133,MIKA,3,114,119.1,118.6,119.1,AB,6982,238,306,3.41,4.38
SI74298565,SIVILA,2,339,116.1,113.8,116.1,AB,6667,239,292,3.58,4.38
SI74239438,SAPA,3,82,126.5,125.8,126.5,NA,6987,243,306,3.48,4.38
SI73948889,MURKA,4,370,106.6,111.5,106.6,BB,4681,160,205,3.42,4.38
SI54413423,BOCA,2,66,107.3,106.4,107.3,NA,5183,165,227,3.18,4.38
SI54014392,REKA,3,410,100.2,106.7,100.2,AB,4388,165,192,3.76,4.38
SI64149352,TULPA,3,345,131.6,124.2,131.6,BB,8915,301,390,3.38,4.37
SI54463820,ELI,1,291,121.1,121.8,121.1,AB,7504,269,328,3.58,4.37
SI33954826,JANKA,4,254,129.3,119.3,129.3,AA,8312,273,363,3.28,4.37
SI23730065,SOCA,4,343,127.5,128,127.5,AA,7924,281,346,3.55,4.37
SI04415657,ONA,1,540,109.4,114.1,109.4,BB,5451,205,238,3.76,4.37
SI04298524,VISNJA,2,72,109.3,108.4,109.3,AA,4369,157,191,3.59,4.37
SI63947511,SAKALA,5,100,117.1,122.4,117.1,BB,6900,260,301,3.77,4.36
SI14184925,SRAKA,4,33,98.7,95.3,98.7,AB,4446,142,194,3.19,4.36
SI94414190,SORA,2,214,111.6,108.5,111.6,AB,5705,197,248,3.45,4.35
SI64501772,MARA,2,NA,112.9,116.9,112.9,BB,5513,214,240,3.88,4.35
SI23574030,SOTLA,6,76,111.9,112.7,111.9,AB,6156,211,268,3.43,4.35
SI84375065,MARKA,2,57,118.6,120.5,118.6,BB,5479,183,238,3.34,4.34
SI84048383,SAVA,3,62,103.4,102.1,103.4,BB,4475,146,194,3.26,4.34
SI83948864,JATA,4,399,115.7,121.2,115.7,AB,5850,206,254,3.52,4.34
SI64020224,MIRNA,3,136,120.1,120.7,120.1,BB,7671,256,333,3.34,4.34
SI53947127,BIMBA,3,348,129.5,129.2,129.5,AA,8457,297,367,3.51,4.34
SI14298066,BONA,3,65,105.3,105.8,105.3,BB,6016,224,261,3.72,4.34
SI13615468,SIMBA,6,183,120.8,110.6,120.8,BB,8429,289,366,3.43,4.34
SI13414425,SOJA,6,440,99.8,96.9,99.8,AB,5021,164,218,3.27,4.34
SI04020969,STANKA,4,133,129.6,133.8,129.6,AB,8991,327,390,3.64,4.34
SI53726296,SOTLA,6,129,112.5,112.4,112.5,AA,6026,210,261,3.48,4.33
SI33882611,SIRKA,4,NA,144.1,138.1,144.1,BB,10251,356,444,3.47,4.33
SI04364070,SMOLA,2,56,117.4,121.4,117.4,BB,6390,230,277,3.6,4.33
SI83949810,LEJDI,3,467,121.9,123,121.9,BB,7134,249,308,3.49,4.32
SI43611375,SAVA,6,NA,99.5,99,99.5,AB,4982,163,215,3.27,4.32
SI24235398,LUTKA,3,232,93.6,90.7,93.6,AA,5490,190,237,3.46,4.32
SI14155589,BISTRA,4,37,119.4,129.3,119.4,BB,7295,279,315,3.82,4.32
SI83731008,ZIVRA,6,NA,117.3,119.2,117.3,AB,6421,223,277,3.47,4.31
SI73761075,SILVIA,6,92,109.1,113.9,109.1,BB,6198,227,267,3.66,4.31
SI33707167,KURA,5,50,115,121.8,115,BB,6128,223,264,3.64,4.31
SI33695190,DINGA,6,283,110.6,112.2,110.6,AB,7013,255,302,3.64,4.31
SI24276670,DIVA,3,39,105.1,103.3,105.1,BB,5847,203,252,3.47,4.31
SI74419939,JEREBICA,1,NA,108.3,107,108.3,AB,7276,260,313,3.57,4.3
SI64240570,LOZA,2,306,105.1,118.2,105.1,AB,6587,263,283,3.99,4.3
SI53751030,DORINA,5,354,100.7,99.8,100.7,AB,5278,167,227,3.16,4.3
SI43995176,JASNA,4,92,132.5,135.8,132.5,AB,9194,331,395,3.6,4.3
SI33947727,BIBA,5,203,109.9,114.4,109.9,BB,5675,194,244,3.42,4.3
SI33553281,SARMA,4,639,113,116.5,113,BB,6441,239,277,3.71,4.3
SI93877233,MALINA,4,197,118.6,116.8,118.6,AA,5831,187,250,3.21,4.29
SI74302228,SINJA,2,NA,99.7,96.8,99.7,BB,4084,135,175,3.31,4.29
SI73609584,ZOJA,7,73,107.8,113.5,107.8,BB,6311,222,271,3.52,4.29
SI64049214,MASKARA,3,NA,113.2,119.2,113.2,BB,6907,252,296,3.65,4.29
SI43611320,MRAVLJA,7,95,110.3,117.4,110.3,BB,6266,230,269,3.67,4.29
SI34463303,POLKNA,1,NA,105.4,108,105.4,BB,5848,220,251,3.76,4.29
SI34451027,DAJANA,1,NA,100.2,99.3,100.2,AB,3822,138,164,3.61,4.29
SI24020297,DRINCA,3,304,130,128,130,AB,7956,266,341,3.34,4.29
SI14413458,SOLUNA,1,356,120.9,120.4,120.9,AB,7733,269,332,3.48,4.29
SI03804944,SAVA,5,241,108,106.3,108,BB,6324,221,271,3.49,4.29
SI83917433,JOKA,5,20,127.8,136.4,127.8,BB,8363,310,358,3.71,4.28
SI34308084,MAVRA,1,NA,110.2,120.7,110.2,AA,6847,270,293,3.94,4.28
SI04018470,VELUNJA,3,NA,115.9,111,115.9,AB,7634,266,327,3.48,4.28
SI84413482,SIVKA,1,367,112.8,110.8,112.8,AA,5685,178,243,3.13,4.27
SI23800955,ULA,4,158,119.9,124.6,119.9,BB,6824,239,291,3.5,4.26
SI84418982,KATA,2,27,110.2,105.7,110.2,AB,4608,148,196,3.21,4.25
SI84349756,SORA,2,42,101.4,100.9,101.4,AB,5528,192,235,3.47,4.25
SI63490514,SNEZKA,4,92,98.5,99.1,98.5,AB,4824,159,205,3.3,4.25
SI53380980,MEGI,6,244,120.2,127.4,120.2,AB,6853,252,291,3.68,4.25
SI13577876,ELITA,7,NA,97.1,102.3,97.1,AB,4632,154,197,3.32,4.25
SI03655654,BICA,7,75,105.6,110.2,105.6,AB,5973,216,254,3.62,4.25
SI84330064,SANTA,2,47,108.6,109.3,108.6,AB,4414,148,187,3.35,4.24
SI54500325,SIRKA,1,326,98.4,96.1,98.4,AB,4126,126,175,3.05,4.24
SI54298031,FIGA,2,151,122.7,115.7,122.7,BB,8413,276,357,3.28,4.24
SI33505460,ZIVA,5,139,108.2,104.2,108.2,AA,6348,213,269,3.36,4.24
SI24151955,PIKA,4,203,124.5,128.7,124.5,AB,7807,292,331,3.74,4.24
SI14288885,RESA,2,244,132.1,141.1,132.1,BB,7643,285,324,3.73,4.24
SI84188908,MELISA,3,217,120.3,127.5,120.3,BB,5409,198,229,3.66,4.23
SI74056219,SRNA,3,370,125,127.6,125,BB,7136,251,302,3.52,4.23
SI73815806,LANTRA,4,284,112.6,121.3,112.6,BB,6881,260,291,3.78,4.23
SI63919781,LIPA,4,119,113.7,119.8,113.7,BB,6433,247,272,3.84,4.23
SI53734372,PIKA,5,249,113.3,113.9,113.3,AB,5934,204,251,3.44,4.23
SI44180980,SIKA,2,192,116.5,115.4,116.5,BB,5846,212,247,3.63,4.23
SI24013277,MATA,4,342,97.8,110.7,97.8,AB,4777,180,202,3.77,4.23
SI14110313,ZAJLA,3,89,91.9,95.2,91.9,BB,3615,128,153,3.54,4.23
SI83749366,MIZA,5,370,118,117.9,118,BB,6846,241,289,3.52,4.22
SI74497197,BREZA,1,355,106.3,108.8,106.3,AA,4713,150,199,3.18,4.22
SI74017874,BORA,2,410,120.7,125.9,120.7,BB,6114,221,258,3.61,4.22
SI64234173,SMEXY,2,NA,116.5,111,116.5,BB,6828,233,288,3.41,4.22
SI54166080,MUCA,2,336,115.7,120.1,115.7,AA,5586,198,236,3.54,4.22
SI23615285,MIRELA,5,46,119.2,120.9,119.2,BB,7303,269,308,3.68,4.22
SI14052338,ZANKA,3,NA,83.9,87.3,83.9,AB,3342,123,141,3.68,4.22
SI04503127,SOVA,1,311,105.7,105.8,105.7,AB,5613,196,237,3.49,4.22
SI93578295,SRAKA,8,104,92.5,89.6,92.5,AA,4751,147,200,3.09,4.21
SI53584122,SIVKA,8,91,94.9,96.7,94.9,AB,5303,176,223,3.32,4.21
SI13761095,MINKA,5,166,125.2,130.6,125.2,BB,7313,262,308,3.58,4.21
SI04235424,BORA,2,296,89.3,95.3,89.3,AB,4557,165,192,3.62,4.21
SI04191049,SOCA,2,411,91.8,96.1,91.8,AB,4845,189,204,3.9,4.21
SI73859088,SRAKA,5,14,96.7,96,96.7,AB,4662,161,196,3.45,4.2
SI44061807,ERNA,3,264,109.4,114.1,109.4,BB,6147,220,258,3.58,4.2
SI34496011,SOVA,1,369,108.5,107,108.5,AA,6194,216,260,3.49,4.2
SI23284423,CITRA,7,65,105.2,102.1,105.2,AB,5518,172,232,3.12,4.2
SI04241003,SAVA,3,237,117.6,109.9,117.6,AA,6857,206,288,3,4.2
SI04020581,LANTRA,3,NA,107.6,107.6,107.6,BB,6979,254,293,3.64,4.2
SI03808821,SIVA,4,103,104.1,111.6,104.1,BB,4812,173,202,3.6,4.2
SI94244832,BAJA,2,210,129.6,118.6,129.6,BB,7776,250,326,3.22,4.19
SI84019710,DIKA,4,80,107.6,103.6,107.6,AB,5351,167,224,3.12,4.19
SI83918269,BILKA,4,301,104.9,110.3,104.9,BB,5583,195,234,3.49,4.19
SI64288897,TUKLA,2,309,120.3,127.6,120.3,AB,6842,263,287,3.84,4.19
SI43918270,HITRA,5,309,108.5,108.9,108.5,AB,6675,237,280,3.55,4.19
SI43875425,BISA,4,NA,108,111.4,108,BB,6154,222,258,3.61,4.19
SI33653408,SIVKA,6,108,113.6,117.3,113.6,AB,6209,221,260,3.56,4.19
SI04021836,SRNA,3,61,96.3,96.7,96.3,BB,4149,148,174,3.57,4.19
SI94189317,SALVIJA,3,74,91.9,92.4,91.9,BB,5194,183,217,3.52,4.18
SI73881520,MAJA,3,372,119,116.1,119,AB,6525,224,273,3.43,4.18
SI73806437,BISA,5,NA,133.5,137.7,133.5,BB,7870,267,329,3.39,4.18
SI54290129,PLAVUTKA,2,45,124.6,120.3,124.6,BB,7604,267,318,3.51,4.18
SI44423980,SAVINJA,1,348,125.3,125.4,125.3,AB,8307,295,347,3.55,4.18
SI43985593,JESSIE,3,NA,141.8,142.7,141.8,AA,8593,296,359,3.44,4.18
SI93943916,DIZA,4,123,129.7,136.9,129.7,BB,8672,320,362,3.69,4.17
SI74304653,FINA,2,325,120.6,124.2,120.6,NA,7240,264,302,3.65,4.17
SI74061464,UJEDA,2,246,117.5,118.1,117.5,AA,6955,232,290,3.34,4.17
SI53611336,MINA,5,423,92.8,94.4,92.8,BB,4247,141,177,3.32,4.17
SI43917420,GIRICA,5,115,116.8,110.6,116.8,NA,7816,264,326,3.38,4.17
SI04422323,SIVKA,2,54,112.7,111.8,112.7,BB,4889,162,204,3.31,4.17
SI03882016,SMRKETA,4,316,102.5,102.2,102.5,AB,6232,220,260,3.53,4.17
SI64181044,VRBA,3,221,114.4,120.1,114.4,NA,6080,237,253,3.9,4.16
SI34417405,VEKTRA,1,NA,115,117.7,115,AB,6198,219,258,3.53,4.16
SI04515630,LILA,1,309,121.1,124.3,121.1,AB,6555,251,273,3.83,4.16
SI03994306,MOSKVA,3,295,131,132.7,131,BB,8206,293,341,3.57,4.16
SI84151966,VILA,4,179,128.6,133,128.6,BB,8092,297,336,3.67,4.15
SI64218708,BOJA,3,140,112,114.9,112,BB,6556,235,272,3.58,4.15
SI53816926,MAPA,3,219,122.6,124.3,122.6,AA,7730,281,321,3.64,4.15
SI24149576,ROZI,4,NA,93.5,96.3,93.5,AA,3948,133,164,3.37,4.15
SI13881526,SMOLA,4,205,111.6,111.8,111.6,AB,6116,219,254,3.58,4.15
SI03734858,JEZABELA,4,NA,126.5,119.2,126.5,BB,8095,270,336,3.34,4.15
SI34348671,LYDI,1,372,102.7,104.5,102.7,AB,5529,196,229,3.54,4.14
SI33951775,DIVA,4,164,115.3,125,115.3,BB,6370,243,264,3.81,4.14
SI94304266,SAVINJA,2,301,108.1,107.7,108.1,AA,5352,171,221,3.2,4.13
SI84110316,ZRELA,3,66,89.6,94.5,89.6,BB,3418,128,141,3.74,4.13
SI54281224,ADELE,2,243,126.5,125.5,126.5,AB,6966,239,288,3.43,4.13
SI43995444,SIDRA,3,428,122.6,124,122.6,BB,6933,245,286,3.53,4.13
SI34107962,VISA,2,NA,121,121,121,AA,6998,240,289,3.43,4.13
SI24097242,MURA,3,299,100.3,102,100.3,BB,5623,188,232,3.34,4.13
SI24049926,BELKA,3,314,117.6,115.7,117.6,BB,6611,212,273,3.21,4.13
SI14020968,SIMKA,3,NA,122.6,126.7,122.6,BB,8513,317,352,3.72,4.13
SI94304723,ANA,2,NA,103.4,104.7,103.4,BB,5369,189,221,3.52,4.12
SI84187464,VEVERICA,3,124,118.9,120.1,118.9,BB,6530,233,269,3.57,4.12
SI74241329,BOSA,3,196,92.8,99.1,92.8,NA,4518,151,186,3.34,4.12
SI73761178,CEDRA,5,154,106.3,113.6,106.3,BB,5941,222,245,3.74,4.12
SI73343136,SOKA,4,927,125.7,128.3,125.7,AB,7650,273,315,3.57,4.12
SI24181220,MESA,3,242,103.1,107.6,103.1,BB,4297,150,177,3.49,4.12
SI03759253,BLANKA,3,401,129.6,126.8,129.6,AB,7865,271,324,3.45,4.12
SI94020582,JAVA,3,210,137.6,137.6,137.6,AC,8610,312,354,3.62,4.11
SI83918300,BISA,5,NA,102.6,102.7,102.6,AB,5228,171,215,3.27,4.11
SI73750264,CITA,6,116,112,119.7,112,AB,5967,220,245,3.69,4.11
SI64354130,DAMA,1,382,113.3,109.8,113.3,BB,5597,184,230,3.29,4.11
SI44239077,PIKA,3,113,107.5,106.4,107.5,BB,5624,194,231,3.45,4.11
SI34422258,MURA,1,354,98.5,100.3,98.5,AB,4206,143,173,3.4,4.11
SI34184590,SMRKETA,2,NA,109,109,109,AB,4643,147,191,3.17,4.11
SI04184548,LOLITA,3,413,108.7,109.5,108.7,BB,5450,187,224,3.43,4.11
SI74424940,BOJA,1,317,127.5,124.9,127.5,BB,9171,320,376,3.49,4.1
SI64298061,SMREKA,2,373,101.6,104.6,101.6,BB,4393,155,180,3.53,4.1
SI24107970,SAVINJA,3,254,105.3,110.3,105.3,BB,6196,221,254,3.57,4.1
SI14156731,BELINDA,3,184,109.5,115.4,109.5,BB,5687,212,233,3.73,4.1
SI94054765,SCANIA,3,406,124.9,114.7,124.9,BB,7489,248,306,3.31,4.09
SI64290692,MINEA,2,203,107.6,102.3,107.6,BB,5988,205,245,3.42,4.09
SI63554519,BRENDA,4,354,112.4,112.7,112.4,BB,5556,188,227,3.38,4.09
SI54208298,ANA,2,210,115.7,116.6,115.7,BB,6359,219,260,3.44,4.09
SI44155658,VATA,3,NA,107.7,112.7,107.7,BB,5675,208,232,3.67,4.09
SI34149740,SAMBA,4,177,111.3,117,111.3,AB,5891,212,241,3.6,4.09
SI84342429,NUSA,2,126,109.1,101.9,109.1,AA,6199,189,253,3.05,4.08
SI74391895,SOJA,1,316,118.2,120,118.2,AB,6427,219,262,3.41,4.08
SI74246441,MEKA,1,385,112.8,109.4,112.8,NA,5657,183,231,3.23,4.08
SI64107969,MISA,3,75,120.3,122.5,120.3,BB,6830,244,279,3.57,4.08
SI54306138,SMREKA,2,155,121.2,115.9,121.2,AA,9040,293,369,3.24,4.08
SI53761211,TAYLOR,5,248,115.1,114.2,115.1,AB,6698,234,273,3.49,4.08
SI34304279,STARDA,2,NA,125.6,121.6,125.6,AB,9182,309,375,3.37,4.08
SI24288884,TOTA,2,NA,128.6,128.4,128.6,BB,7907,279,323,3.53,4.08
SI64057060,POKA,3,153,111.5,115.5,111.5,BB,6090,218,248,3.58,4.07
SI44055864,MALVAZIJA,2,495,132.4,135.3,132.4,BB,8043,294,327,3.66,4.07
SI33751032,BRUNA,4,257,118.6,109.1,118.6,AA,5767,166,235,2.88,4.07
SI24297985,MLADA,2,84,108.9,109.1,108.9,AA,4550,145,185,3.19,4.07
SI14242625,JAGODA,3,150,106.4,105.2,106.4,AB,5676,190,231,3.35,4.07
SI93943631,SLIVA,4,216,147.8,139.3,147.8,AB,9250,294,376,3.18,4.06
SI74071920,SORAGRA,3,NA,128,124.3,128,AA,7706,256,313,3.32,4.06
SI64298573,SEJA,2,174,106.3,99.1,106.3,AB,6555,203,266,3.1,4.06
SI54019737,REKA,4,326,103.8,108,103.8,BB,4971,170,202,3.42,4.06
SI53587194,CITA,5,535,120.3,122.3,120.3,AB,6692,218,272,3.26,4.06
SI34180149,BREZA,2,306,135,138.9,135,AB,7543,267,306,3.54,4.06
SI34071924,TARA,4,227,117,118.8,117,BB,6151,223,250,3.63,4.06
SI34023282,JULCKA,3,302,135,141.7,135,BB,6476,237,263,3.66,4.06
SI33750983,SENKA,5,539,121.3,118.1,121.3,AB,7176,240,291,3.34,4.06
SI23608265,MRENA,7,NA,92.9,98.9,92.9,AB,4854,179,197,3.69,4.06
SI04440477,KOBRA,1,NA,98.7,91.1,98.7,BB,4282,143,174,3.34,4.06
SI74303009,MULA,2,136,107.9,108.9,107.9,BC,4719,149,191,3.16,4.05
SI64270797,CIKA,2,200,112.6,111.6,112.6,AB,6421,218,260,3.4,4.05
SI63759257,MISEL,5,281,114.1,111.3,114.1,AB,7036,245,285,3.48,4.05
SI44330109,SOCA,1,464,110.7,109.3,110.7,AB,4841,155,196,3.2,4.05
SI23815801,SPEKTRA,4,NA,113.1,110.2,113.1,BB,6589,223,267,3.38,4.05
SI94290125,MARBA,1,632,147.7,147.9,147.7,BB,9518,334,385,3.51,4.04
SI73654443,SABINA,6,NA,102.6,107.3,102.6,AB,5054,185,204,3.66,4.04
SI73554642,DARJA,6,282,116.1,108.8,116.1,AB,6354,211,257,3.32,4.04
SI53699006,DIKA,6,107,109,114.2,109,BB,6082,227,246,3.73,4.04
SI13731311,JURCA,5,188,109.8,113.4,109.8,AB,5671,199,229,3.51,4.04
SI74523214,IHTA,1,312,107.6,108.7,107.6,BB,5205,176,210,3.38,4.03
SI53911296,JOLI,3,367,98.4,95.1,98.4,AB,4518,146,182,3.23,4.03
SI14306572,JORDA,2,200,110.3,105.4,110.3,AB,6506,224,262,3.44,4.03
SI13751955,SRAKA,4,NA,146.4,139.3,146.4,AB,10069,337,406,3.35,4.03
SI93861166,BRINA,5,86,128.3,124.7,128.3,AB,8251,285,332,3.45,4.02
SI64463812,FELA,1,NA,120.2,118.6,120.2,AB,6888,232,277,3.37,4.02
SI54277843,METAJNA,2,NA,147.8,147.6,147.8,BB,11185,401,450,3.59,4.02
SI43756098,MUCA,5,327,112.9,103.4,112.9,AB,6688,220,269,3.29,4.02
SI34155099,SORA,3,238,110,109,110,BB,6894,235,277,3.41,4.02
SI04052690,SIRENA,3,157,125.4,124.4,125.4,BB,7161,233,288,3.25,4.02
SI03341746,ROZA,8,174,93,96.9,93,AB,5100,181,205,3.55,4.02
SI94370681,NINA,1,291,113.6,116.7,113.6,BB,6877,230,276,3.34,4.01
SI93516794,SRAKA,4,174,117.3,117.9,117.3,AB,6909,234,277,3.39,4.01
SI93415198,KLAPA,6,NA,117.4,121.8,117.4,BB,6878,246,276,3.58,4.01
SI74514340,POLDA,1,332,114.1,114.2,114.1,BB,5933,185,238,3.12,4.01
SI54307634,HELGA,1,NA,109.3,103.5,109.3,AB,5756,194,231,3.37,4.01
SI14055867,MINKA,2,475,126.9,129.2,126.9,BB,7740,282,310,3.64,4.01
SI04153760,JUNA,3,115,115.3,115.4,115.3,AB,6432,210,258,3.26,4.01
SI94415665,KOKTA,2,103,111.3,109.7,111.3,BB,6348,216,254,3.4,4
SI83546558,RICOLA,5,444,132.2,121.4,132.2,AB,8257,271,330,3.28,4
SI74234299,DRAGA,2,182,104.4,106.6,104.4,BB,4804,162,192,3.37,4
SI53186841,RENETA,7,249,103,97.5,103,BB,5280,155,211,2.94,4
SI04421353,REBEKA,1,NA,111.7,109.4,111.7,BB,5797,202,232,3.48,4
SI93869030,DRISKA,4,NA,129.8,138.8,129.8,BB,7624,284,304,3.73,3.99
SI74235403,BILKA,2,341,108.1,117.1,108.1,AB,5843,226,233,3.87,3.99
SI74184668,ZOFA,3,214,105.3,103.1,105.3,BB,4960,161,198,3.25,3.99
SI94246470,DUNJA,2,249,110.3,108.9,110.3,AB,6400,217,255,3.39,3.98
SI74378090,VANJA,2,55,106,108,106,BB,5325,192,212,3.61,3.98
SI04418760,SITA,2,54,110.6,109.7,110.6,AB,4352,144,173,3.31,3.98
SI84364072,PENA,2,NA,104.7,105.2,104.7,BB,5409,185,215,3.42,3.97
SI84152974,MEKA,3,198,110.1,108.4,110.1,BB,5868,208,233,3.54,3.97
SI63943768,BIBA,4,NA,106.9,111.2,106.9,AB,5687,205,226,3.6,3.97
SI54246412,VISNJA,2,501,117.2,115.9,117.2,AA,6803,242,270,3.56,3.97
SI54073120,MIKI,3,164,110.1,108.3,110.1,AB,5875,193,233,3.29,3.97
SI44380513,VIDRA,1,294,111.8,117.1,111.8,BB,6398,236,254,3.69,3.97
SI03700125,MAJHNA,4,NA,94.5,88.5,94.5,AB,5370,183,213,3.41,3.97
SI73876856,MOJA,4,292,120.8,122.1,120.8,BB,7722,277,306,3.59,3.96
SI73858805,AJDA,5,NA,112.2,117.5,112.2,BB,6561,237,260,3.61,3.96
SI34297953,REKA,2,153,110.3,111.9,110.3,BB,5339,169,211,3.17,3.95
SI34236288,FRIDA,2,406,132.5,131.8,132.5,BB,7166,257,283,3.59,3.95
SI34155594,BARCA,2,16,119.6,114.8,119.6,BB,6937,230,274,3.32,3.95
SI34101502,SIVKA,2,226,101,100.1,101,BB,4383,141,173,3.22,3.95
SI33489050,SKORJA,6,90,101.5,103.9,101.5,AB,5010,169,198,3.37,3.95
SI14378096,SORA,1,NA,107.2,103.8,107.2,AB,6005,202,237,3.36,3.95
SI84217107,MUFIDA,3,213,121.3,123.9,121.3,BB,7363,274,290,3.72,3.94
SI74191011,DAMA,3,207,107.7,115.1,107.7,BB,6451,242,254,3.75,3.94
SI43708208,LILI,7,158,109.4,105.6,109.4,AB,5714,182,225,3.19,3.94
SI24374912,BIBA,2,195,108.3,107.4,108.3,BB,5763,196,227,3.4,3.94
SI14515639,SASA,1,345,116.3,113,116.3,AB,7051,247,278,3.5,3.94
SI04240868,LIMONA,2,374,111.1,104.6,111.1,AA,7420,259,292,3.49,3.94
SI03415166,SABRINA,6,NA,115.3,116,115.3,AB,6987,246,275,3.52,3.94
SI93994307,MUSKULA,4,258,98.1,98.2,98.1,AB,5984,216,235,3.61,3.93
SI74494479,ELA,2,65,111.6,110,111.6,AB,5670,198,223,3.49,3.93
SI24152994,BELA,2,423,114.1,112.3,114.1,AB,5569,173,219,3.11,3.93
SI14303232,SRNA,2,185,105.2,105.6,105.2,BB,5146,180,202,3.5,3.93
SI03761175,SIVKA,5,90,106.3,102.6,106.3,BB,5955,203,234,3.41,3.93
SI03226265,DRAVA,7,NA,113.2,110.6,113.2,BB,6512,213,256,3.27,3.93
SI94413443,NIZKA,2,134,119.7,120.8,119.7,BB,5844,212,229,3.63,3.92
SI73949828,KELA,4,297,127.8,133,127.8,AB,7829,281,307,3.59,3.92
SI53860035,BUCKA,5,282,91.6,90.8,91.6,AA,4673,146,183,3.12,3.92
SI44288899,SOLA,1,294,108.7,111.4,108.7,AB,6025,224,236,3.72,3.92
SI44065351,LIPA,3,194,116,113.1,116,AB,6813,218,267,3.2,3.92
SI34294046,SLOKA,2,226,107.7,96,107.7,BB,7800,265,306,3.4,3.92
SI13700038,SUZI,6,113,113.6,124.4,113.6,BB,6842,257,268,3.76,3.92
SI43875418,MICA,4,114,122,125.8,122,BB,7398,253,289,3.42,3.91
SI33238830,MARELA,9,286,97.2,97.8,97.2,BB,5421,185,212,3.41,3.91
SI83875490,SENA,4,NA,100.9,100.4,100.9,AB,5259,172,205,3.27,3.9
SI63648669,BERTA,5,638,145.7,145.6,145.7,AB,9324,327,364,3.51,3.9
SI54413698,MIRNA,1,NA,105.5,108.5,105.5,BB,3692,130,144,3.52,3.9
SI33816928,BASKA,2,NA,142.1,133.4,142.1,AB,8673,290,338,3.34,3.9
SI24444101,KIMI,1,NA,116.3,111,116.3,BB,5511,169,215,3.07,3.9
SI23645330,SABINA,5,138,124.9,125.8,124.9,BB,7104,248,277,3.49,3.9
SI14157309,JEREKA,3,319,146.1,147.7,146.1,BB,10043,357,392,3.55,3.9
SI53952705,SIVKA,2,NA,100.9,96,100.9,AB,5147,162,200,3.15,3.89
SI33995414,SIMBA,4,322,123.3,121.3,123.3,BB,7670,263,298,3.43,3.89
SI24073130,MALA,4,95,97.3,95.8,97.3,AB,5298,173,206,3.27,3.89
SI13752365,DALICA,5,58,98.9,95,98.9,AB,4989,160,194,3.21,3.89
SI94370708,METLA,1,338,113.7,112.8,113.7,AB,6371,206,247,3.23,3.88
SI73853714,MISA,4,459,113,115.2,113,AB,6314,227,245,3.6,3.88
SI64217075,PUPA,2,343,131.1,131.9,131.1,BB,7996,278,310,3.48,3.88
SI03757378,SAVA,5,147,104.1,108.2,104.1,BB,5054,174,196,3.44,3.88
SI73608882,DAMA,6,212,111.2,109.2,111.2,BB,5843,190,226,3.25,3.87
SI43727566,SANTA,6,147,116.8,118.3,116.8,BB,8182,295,317,3.61,3.87
SI34151370,LESKA,3,332,105.6,109.4,105.6,BB,4595,165,178,3.59,3.87
SI14188187,MELINA,2,NA,128.5,125.9,128.5,BB,8486,294,328,3.46,3.87
SI04236061,SLADKA,3,126,129.7,131.1,129.7,BB,7692,271,298,3.52,3.87
SI93489054,MUZA,5,98,113.5,108.9,113.5,AB,6059,186,234,3.07,3.86
SI74344910,MISA,1,343,109.3,106.4,109.3,AB,6133,195,237,3.18,3.86
SI73745655,BOROVNICA,4,32,128.6,123.9,128.6,AB,8053,273,311,3.39,3.86
SI53752433,ZABA,6,200,104.4,103.8,104.4,BB,5440,178,210,3.27,3.86
SI04240923,JAGODA,2,NA,122.1,125.5,122.1,BB,7315,265,282,3.62,3.86
SI84015417,SRECA,3,279,93.4,96.5,93.4,AB,4362,140,168,3.21,3.85
SI74375059,DRETA,1,NA,111.7,108.6,111.7,AB,4777,144,184,3.01,3.85
SI64505312,SIVA,1,NA,104.8,103.9,104.8,BB,5113,178,197,3.48,3.85
SI43529007,SLINA,3,203,96.6,99.5,96.6,BB,4470,148,172,3.31,3.85
SI94020575,GALA,3,NA,114,108.5,114,BB,7291,256,279,3.51,3.83
SI74073128,LUNCA,2,643,103.2,104.3,103.2,BB,5400,181,207,3.35,3.83
SI73946708,SRCKA,4,NA,93.9,84.7,93.9,BB,4825,151,185,3.13,3.83
SI04018669,SORA,4,196,114,110.8,114,BB,6052,207,232,3.42,3.83
SI73065537,SCANIA,7,41,103.8,104.3,103.8,AA,5027,169,192,3.36,3.82
SI54417362,SOCA,1,325,113.5,110,113.5,AB,6567,215,251,3.27,3.82
SI54242171,MREZA,2,355,100,99.3,100,AB,4796,158,183,3.29,3.82
SI14097236,RACKA,3,299,96.9,91.5,96.9,BB,5365,167,205,3.11,3.82
SI04391892,COKA,2,21,122.4,129.8,122.4,AB,6418,242,245,3.77,3.82
SI73697277,SOTLA,6,285,118.8,117,118.8,AA,6856,235,261,3.43,3.81
SI54231157,LISKA,1,439,114.1,118.5,114.1,BB,5669,199,216,3.51,3.81
SI44288909,DRINA,1,442,133.1,140.2,133.1,BB,7473,293,285,3.92,3.81
SI34184514,BATA,3,72,113.4,110.6,113.4,AB,5977,197,228,3.3,3.81
SI24153438,JOTA,4,192,99.9,93.9,99.9,AA,4771,158,182,3.31,3.81
SI04381460,BAJKA,1,NA,100.1,98.4,100.1,AA,4433,143,169,3.23,3.81
SI63656484,DALILA,6,204,112.2,111.7,112.2,AB,6526,236,248,3.62,3.8
SI53803319,USKA,5,NA,106,101.5,106,AA,5875,194,223,3.3,3.8
SI33702069,SODRA,6,115,94.7,98.1,94.7,NA,4894,166,186,3.39,3.8
SI24049218,SUZI,3,NA,106.6,106.9,106.6,BB,6102,215,232,3.52,3.8
SI73858850,SAVA,4,129,116.8,104.9,116.8,BB,6710,209,254,3.11,3.79
SI14413829,MISKA,1,439,133.5,131.6,133.5,BB,7833,270,297,3.45,3.79
SI04148137,SOJA,4,102,122.4,117.4,122.4,BB,6728,222,255,3.3,3.79
SI83737138,COKA,5,NA,104.3,103.6,104.3,BB,5486,171,207,3.12,3.77
SI74454260,ELZA,1,316,116.1,107.2,116.1,AB,6507,185,245,2.84,3.77
SI43744729,BRINA,5,277,124.3,119.3,124.3,AB,7429,244,280,3.28,3.77
SI24415662,SORA,2,NA,125.1,118.6,125.1,AB,8485,296,320,3.49,3.77
SI04094399,NENA,3,NA,112.8,107.1,112.8,AB,6794,223,256,3.28,3.77
SI94155804,ZEBRA,3,95,119,109.4,119,BB,7184,219,270,3.05,3.76
SI94018684,SALVA,4,199,112.2,106.9,112.2,AB,6639,230,249,3.46,3.75
SI83486636,SRECKA,5,177,95.4,95.3,95.4,AB,4081,131,153,3.21,3.75
SI74155693,ZANKA,3,274,122.4,121.2,122.4,BB,5968,204,224,3.42,3.75
SI43748170,SRAKA,5,58,102.2,104.4,102.2,BB,5328,174,200,3.27,3.75
SI34051366,SMRKETA,3,118,124.3,122,124.3,AA,7699,270,289,3.51,3.75
SI24151838,MEGI,3,277,104.5,104.1,104.5,BB,5712,193,214,3.38,3.75
SI04302029,VODA,1,353,133.9,129.7,133.9,AA,7519,255,282,3.39,3.75
SI03158762,PIPA,6,NA,99.9,97.5,99.9,BB,5473,196,205,3.58,3.75
SI04301932,ZATRA,2,99,114.1,114.3,114.1,BB,6144,208,230,3.39,3.74
SI04151342,JADRA,3,69,118.3,118.3,118.3,AB,5266,178,197,3.38,3.74
SI23749331,BAJSA,6,55,104.8,105.1,104.8,BB,5315,170,198,3.2,3.73
SI84021883,MEJA,4,77,100.8,98,100.8,BB,4645,148,173,3.19,3.72
SI73217301,LARA,4,836,123,121.5,123,BB,6312,204,235,3.23,3.72
SI44234539,BELA,4,107,103.2,103.3,103.2,BB,4531,146,168,3.22,3.71
SI44097240,LINDA,2,59,107.9,106.3,107.9,BB,5390,179,200,3.32,3.71
SI74217115,BEHIJA,2,NA,114.8,113.8,114.8,AB,6927,241,256,3.48,3.7
SI04014218,JONA,4,152,109.3,106.8,109.3,AB,4910,158,181,3.22,3.69
SI93982777,TIA,4,NA,120.2,123.2,120.2,BB,6828,244,251,3.57,3.68
SI63817445,ZORA,5,235,130.5,124.8,130.5,BB,6900,221,254,3.2,3.68
SI24415930,LAVANDA,2,NA,114,109,114,BB,5975,187,220,3.13,3.68
SI84415666,REPA,1,534,108.7,105.7,108.7,BB,5421,154,199,2.84,3.67
SI23553268,SOBOTA,6,189,118.8,113,118.8,AB,7148,244,262,3.41,3.67
SI93749059,DRCA,4,NA,133.2,129.8,133.2,BB,7644,253,280,3.31,3.66
SI43853535,SORA,5,NA,133.8,130.6,133.8,BB,7795,250,285,3.21,3.66
SI34056220,SASA,3,326,132.2,127.7,132.2,BB,9815,343,359,3.49,3.66
SI94015870,BOZA,4,114,114.3,111.8,114.3,BB,5592,174,204,3.11,3.65
SI24306526,SINICA,1,649,105.6,97.1,105.6,BB,4838,132,176,2.73,3.64
SI73945020,ZVEZDA,3,777,114.4,108.9,114.4,BB,5234,163,190,3.11,3.63
SI73860167,SARDELA,4,346,140.9,133.3,140.9,BB,9801,326,356,3.33,3.63
SI64014793,DANA,3,427,130.5,130.6,130.5,BB,8026,275,291,3.43,3.63
SI14297924,VIOLA,2,93,116.9,118.7,116.9,BB,6012,204,218,3.39,3.63
SI93065535,MURA,6,238,95.7,99.5,95.7,BB,4801,167,174,3.48,3.62
SI74013272,VISA,4,NA,111.1,109.4,111.1,BB,6105,203,221,3.33,3.62
SI43825066,LUCIJA,3,448,122.3,125.8,122.3,BB,5962,205,216,3.44,3.62
SI04418698,SONJA,1,362,129,135.8,129,BB,9226,340,334,3.69,3.62
SI84417448,SEKA,2,39,115,109.8,115,AB,6040,193,218,3.2,3.61
SI44057062,ROJA,2,324,125.6,120.2,125.6,AA,6598,212,238,3.21,3.61
SI64149314,MAZDA,3,508,106.9,100.5,106.9,BB,4332,126,156,2.91,3.6
SI54154955,STRUNA,3,189,137.7,127.4,137.7,BB,9672,317,348,3.28,3.6
SI94458640,SOLINA,1,301,114.7,112.6,114.7,AB,6797,238,244,3.5,3.59
SI83754391,ZAHARIJA,5,NA,126.7,125.6,126.7,BB,6631,221,238,3.33,3.59
SI44152734,ZAJA,3,NA,132.4,130.6,132.4,BB,7298,240,262,3.29,3.59
SI74242186,MURKA,2,285,110.4,111.1,110.4,BB,5644,201,202,3.56,3.58
SI44381459,SOJA,1,399,108.6,108,108.6,AB,5553,173,199,3.12,3.58
SI94019740,MIJA,4,307,102.5,103,102.5,BB,5210,172,186,3.3,3.57
SI52847804,EDA,10,360,99.1,102.9,99.1,AB,5384,176,192,3.27,3.57
SI64107976,SEJA,1,501,114,117,114,BB,6575,246,234,3.74,3.56
SI64049654,JOZA,2,732,103.2,103.5,103.2,BB,4348,145,155,3.33,3.56
SI03804016,STOLICA,5,246,126.3,119.6,126.3,BB,7006,233,249,3.33,3.55
SI74306088,SONDA,2,153,109.7,102.5,109.7,BB,7131,231,248,3.24,3.48
SI24217110,MIHRA,2,240,118,118.3,118,AB,7799,283,268,3.63,3.44
SI73761082,SUZI,5,96,117.6,110,117.6,BB,6529,214,224,3.28,3.43
SI44349970,DARA,1,359,118,115.6,118,AA,7018,239,240,3.41,3.42
SI83814835,MURKA,4,128,128.4,119.3,128.4,AB,8391,276,286,3.29,3.41
SI63858806,MACA,5,313,122.7,113.5,122.7,BB,7793,251,265,3.22,3.4
SI64299787,SMREKA,2,151,117.3,106.4,117.3,BB,8419,258,285,3.06,3.39
SI43653177,DORA,7,157,110.4,103.3,110.4,BB,6402,215,217,3.36,3.39
SI34343353,VOLGA,1,587,114.8,108.8,114.8,BB,6589,203,222,3.08,3.37
SI44495301,SRNA,2,41,98.8,98.5,98.8,BB,2941,89,97,3.03,3.3
SI14287516,PILA,2,248,120.7,119.7,120.7,BB,6619,212,218,3.2,3.29
SI84180780,MAGA,4,223,128,130.2,128,AB,7922,286,256,3.61,3.23
SI84303060,SLADKA,2,55,93.3,98.1,93.3,BB,2234,75,72,3.36,3.22
SI83869048,SAPA,3,279,142.3,137,142.3,AB,8433,282,259,3.34,3.07
