,Strategy,Scenario,Interval,Rep,dF,Ne
1,10K_Ref_20Rep,Class,0,0,0.0104094485533268,48.0332841301379
2,10K_Ref_20Rep,Class,20,0,0.00196135416862986,254.925911901615
3,10K_Ref_20Rep,Class,40,0,0.00137176108771075,364.494957962701
4,10K_Ref_20Rep,Class,0,1,0.0104094485533268,48.0332841301379
5,10K_Ref_20Rep,Class,20,1,0.00526283260444926,95.0058718526016
6,10K_Ref_20Rep,Class,40,1,0.00281196968771036,177.811305073891
7,10K_Ref_20Rep,Class,0,2,0.0104094485533268,48.0332841301379
8,10K_Ref_20Rep,Class,20,2,0.00121430393194832,411.758528359338
9,10K_Ref_20Rep,Class,40,2,0.0022430908816703,222.906706137417
10,10K_Ref_20Rep,Class,0,3,0.0104094485533268,48.0332841301379
11,10K_Ref_20Rep,Class,20,3,0.000927637332234665,539.003749229785
12,10K_Ref_20Rep,Class,40,3,0.00177028657467659,282.440146783208
13,10K_Ref_20Rep,Class,0,4,0.0104094485533268,48.0332841301379
14,10K_Ref_20Rep,Class,20,4,0.00161968427155024,308.702139535774
15,10K_Ref_20Rep,Class,40,4,0.00211220128887935,236.719863126909
16,10K_Ref_20Rep,Class,0,5,0.0104094485533268,48.0332841301379
17,10K_Ref_20Rep,Class,20,5,0.00222183876110105,225.038832139296
18,10K_Ref_20Rep,Class,40,5,0.00147224658979928,339.617020317343
19,10K_Ref_20Rep,Class,0,6,0.0104094485533268,48.0332841301379
20,10K_Ref_20Rep,Class,20,6,0.0013720923281797,364.406964262624
21,10K_Ref_20Rep,Class,40,6,0.00201909072279816,247.63622275827
22,10K_Ref_20Rep,Class,0,7,0.0104094485533268,48.0332841301379
23,10K_Ref_20Rep,Class,20,7,0.00216911101336303,230.509179530092
24,10K_Ref_20Rep,Class,40,7,0.00194208724263789,257.454963413931
25,10K_Ref_20Rep,Class,0,8,0.0104094485533268,48.0332841301379
26,10K_Ref_20Rep,Class,20,8,0.00157286631391063,317.890971138448
27,10K_Ref_20Rep,Class,40,8,0.00204579300170948,244.404003524401
28,10K_Ref_20Rep,Class,0,9,0.0104094485533268,48.0332841301379
29,10K_Ref_20Rep,Class,20,9,0.00276490223869275,180.838220246225
30,10K_Ref_20Rep,Class,40,9,0.00175994165626481,284.100326974003
31,10K_Ref_20Rep,Class,0,10,0.0104094485533268,48.0332841301379
32,10K_Ref_20Rep,Class,20,10,0.0047530889858276,105.194748402746
33,10K_Ref_20Rep,Class,40,10,0.00243992331354037,204.924473332931
34,10K_Ref_20Rep,Class,0,11,0.0104094485533268,48.0332841301379
35,10K_Ref_20Rep,Class,20,11,0.00170342164684778,293.526855740774
36,10K_Ref_20Rep,Class,40,11,0.00324551858861388,154.058584583101
37,10K_Ref_20Rep,Class,0,12,0.0104094485533268,48.0332841301379
38,10K_Ref_20Rep,Class,20,12,0.00219110847592263,228.195000610118
39,10K_Ref_20Rep,Class,40,12,0.00267683996545864,186.787408456199
40,10K_Ref_20Rep,Class,0,13,0.0104094485533268,48.0332841301379
41,10K_Ref_20Rep,Class,20,13,0.00222117804610167,225.105772532525
42,10K_Ref_20Rep,Class,40,13,0.00195462090384013,255.804078948342
43,10K_Ref_20Rep,Class,0,14,0.0104094485533268,48.0332841301379
44,10K_Ref_20Rep,Class,20,14,0.00182055843878126,274.641005391025
45,10K_Ref_20Rep,Class,40,14,0.0019131020989005,261.355627745827
46,10K_Ref_20Rep,Class,0,15,0.0104094485533268,48.0332841301379
47,10K_Ref_20Rep,Class,20,15,0.00140905018810034,354.84896437514
48,10K_Ref_20Rep,Class,40,15,0.00271271513116389,184.317178850061
49,10K_Ref_20Rep,Class,0,16,0.0104094485533268,48.0332841301379
50,10K_Ref_20Rep,Class,20,16,0.00208547799410719,239.75318915511
51,10K_Ref_20Rep,Class,40,16,0.0017599516814587,284.098708656356
52,10K_Ref_20Rep,Class,0,17,0.0104094485533268,48.0332841301379
53,10K_Ref_20Rep,Class,20,17,0.00382636457298546,130.672336747536
54,10K_Ref_20Rep,Class,40,17,0.00221501964937809,225.731631834681
55,10K_Ref_20Rep,Class,0,18,0.0104094485533268,48.0332841301379
56,10K_Ref_20Rep,Class,20,18,0.00222823504141334,224.392844878185
57,10K_Ref_20Rep,Class,40,18,0.00225406205732304,221.821754363679
58,10K_Ref_20Rep,Class,0,19,0.0104094485533268,48.0332841301379
59,10K_Ref_20Rep,Class,20,19,0.00325146752687533,153.776716472547
60,10K_Ref_20Rep,Class,40,19,0.002203536743274,226.907947655596
61,10K_Ref_20Rep,GenSLO,0,0,0.0104094485533268,48.0332841301379
62,10K_Ref_20Rep,GenSLO,20,0,0.00196135416862986,254.925911901615
63,10K_Ref_20Rep,GenSLO,40,0,0.00125413573380651,398.680929441679
64,10K_Ref_20Rep,GenSLO,0,1,0.0104094485533268,48.0332841301379
65,10K_Ref_20Rep,GenSLO,20,1,0.00526283260444926,95.0058718526016
66,10K_Ref_20Rep,GenSLO,40,1,0.0018060853231574,276.841848825779
67,10K_Ref_20Rep,GenSLO,0,2,0.0104094485533268,48.0332841301379
68,10K_Ref_20Rep,GenSLO,20,2,0.00121430393194832,411.758528359338
69,10K_Ref_20Rep,GenSLO,40,2,0.00163049512059577,306.655318181698
70,10K_Ref_20Rep,GenSLO,0,3,0.0104094485533268,48.0332841301379
71,10K_Ref_20Rep,GenSLO,20,3,0.000927637332234665,539.003749229785
72,10K_Ref_20Rep,GenSLO,40,3,0.00131420461857001,380.458258124256
73,10K_Ref_20Rep,GenSLO,0,4,0.0104094485533268,48.0332841301379
74,10K_Ref_20Rep,GenSLO,20,4,0.00161968427155024,308.702139535774
75,10K_Ref_20Rep,GenSLO,40,4,0.00164697136864067,303.587548344982
76,10K_Ref_20Rep,GenSLO,0,5,0.0104094485533268,48.0332841301379
77,10K_Ref_20Rep,GenSLO,20,5,0.00222183876110105,225.038832139296
78,10K_Ref_20Rep,GenSLO,40,5,0.00144388118653993,346.288880734144
79,10K_Ref_20Rep,GenSLO,0,6,0.0104094485533268,48.0332841301379
80,10K_Ref_20Rep,GenSLO,20,6,0.0013720923281797,364.406964262624
81,10K_Ref_20Rep,GenSLO,40,6,0.00169364995354881,295.220390112088
82,10K_Ref_20Rep,GenSLO,0,7,0.0104094485533268,48.0332841301379
83,10K_Ref_20Rep,GenSLO,20,7,0.00216911101336303,230.509179530092
84,10K_Ref_20Rep,GenSLO,40,7,0.00118374345948125,422.388817437788
85,10K_Ref_20Rep,GenSLO,0,8,0.0104094485533268,48.0332841301379
86,10K_Ref_20Rep,GenSLO,20,8,0.00157286631391063,317.890971138448
87,10K_Ref_20Rep,GenSLO,40,8,0.00109876451290636,455.056560461206
88,10K_Ref_20Rep,GenSLO,0,9,0.0104094485533268,48.0332841301379
89,10K_Ref_20Rep,GenSLO,20,9,0.00276490223869275,180.838220246225
90,10K_Ref_20Rep,GenSLO,40,9,0.00139470011450404,358.500006417365
91,10K_Ref_20Rep,GenSLO,0,10,0.0104094485533268,48.0332841301379
92,10K_Ref_20Rep,GenSLO,20,10,0.0047530889858276,105.194748402746
93,10K_Ref_20Rep,GenSLO,40,10,0.00173397582420987,288.354654672212
94,10K_Ref_20Rep,GenSLO,0,11,0.0104094485533268,48.0332841301379
95,10K_Ref_20Rep,GenSLO,20,11,0.00170342164684778,293.526855740774
96,10K_Ref_20Rep,GenSLO,40,11,0.00175223727707574,285.349482368299
97,10K_Ref_20Rep,GenSLO,0,12,0.0104094485533268,48.0332841301379
98,10K_Ref_20Rep,GenSLO,20,12,0.00219110847592263,228.195000610118
99,10K_Ref_20Rep,GenSLO,40,12,0.00132738607856919,376.680159655552
100,10K_Ref_20Rep,GenSLO,0,13,0.0104094485533268,48.0332841301379
101,10K_Ref_20Rep,GenSLO,20,13,0.00222117804610167,225.105772532525
102,10K_Ref_20Rep,GenSLO,40,13,0.00142848585632971,350.020966455124
103,10K_Ref_20Rep,GenSLO,0,14,0.0104094485533268,48.0332841301379
104,10K_Ref_20Rep,GenSLO,20,14,0.00182055843878126,274.641005391025
105,10K_Ref_20Rep,GenSLO,40,14,0.00190006139839005,263.149391079497
106,10K_Ref_20Rep,GenSLO,0,15,0.0104094485533268,48.0332841301379
107,10K_Ref_20Rep,GenSLO,20,15,0.00140905018810034,354.84896437514
108,10K_Ref_20Rep,GenSLO,40,15,0.00151873250514079,329.221899384876
109,10K_Ref_20Rep,GenSLO,0,16,0.0104094485533268,48.0332841301379
110,10K_Ref_20Rep,GenSLO,20,16,0.00208547799410719,239.75318915511
111,10K_Ref_20Rep,GenSLO,40,16,0.00184568919264372,270.901515809286
112,10K_Ref_20Rep,GenSLO,0,17,0.0104094485533268,48.0332841301379
113,10K_Ref_20Rep,GenSLO,20,17,0.00382636457298546,130.672336747536
114,10K_Ref_20Rep,GenSLO,40,17,0.00151848997221682,329.274482642818
115,10K_Ref_20Rep,GenSLO,0,18,0.0104094485533268,48.0332841301379
116,10K_Ref_20Rep,GenSLO,20,18,0.00222823504141334,224.392844878185
117,10K_Ref_20Rep,GenSLO,40,18,0.00161840334236629,308.946470209918
118,10K_Ref_20Rep,GenSLO,0,19,0.0104094485533268,48.0332841301379
119,10K_Ref_20Rep,GenSLO,20,19,0.00325146752687533,153.776716472547
120,10K_Ref_20Rep,GenSLO,40,19,0.00169207769316404,295.494705721841
121,10K_Ref_20Rep,OtherCowsGen,0,0,0.0104094485533268,48.0332841301379
122,10K_Ref_20Rep,OtherCowsGen,20,0,0.00196135416862986,254.925911901615
123,10K_Ref_20Rep,OtherCowsGen,40,0,0.00116569644869979,428.928131811412
124,10K_Ref_20Rep,OtherCowsGen,0,1,0.0104094485533268,48.0332841301379
125,10K_Ref_20Rep,OtherCowsGen,20,1,0.00526283260444926,95.0058718526016
126,10K_Ref_20Rep,OtherCowsGen,40,1,0.00203911604134666,245.204289437983
127,10K_Ref_20Rep,OtherCowsGen,0,2,0.0104094485533268,48.0332841301379
128,10K_Ref_20Rep,OtherCowsGen,20,2,0.00121430393194832,411.758528359338
129,10K_Ref_20Rep,OtherCowsGen,40,2,0.00147288004960777,339.470957009126
130,10K_Ref_20Rep,OtherCowsGen,0,3,0.0104094485533268,48.0332841301379
131,10K_Ref_20Rep,OtherCowsGen,20,3,0.000927637332234665,539.003749229785
132,10K_Ref_20Rep,OtherCowsGen,40,3,0.00171187042065013,292.078181834646
133,10K_Ref_20Rep,OtherCowsGen,0,4,0.0104094485533268,48.0332841301379
134,10K_Ref_20Rep,OtherCowsGen,20,4,0.00161968427155024,308.702139535774
135,10K_Ref_20Rep,OtherCowsGen,40,4,0.00141473635231593,353.422741404431
136,10K_Ref_20Rep,OtherCowsGen,0,5,0.0104094485533268,48.0332841301379
137,10K_Ref_20Rep,OtherCowsGen,20,5,0.00222183876110105,225.038832139296
138,10K_Ref_20Rep,OtherCowsGen,40,5,0.00123726392310097,404.117497216635
139,10K_Ref_20Rep,OtherCowsGen,0,6,0.0104094485533268,48.0332841301379
140,10K_Ref_20Rep,OtherCowsGen,20,6,0.0013720923281797,364.406964262624
141,10K_Ref_20Rep,OtherCowsGen,40,6,0.00114610032709472,436.261981765123
142,10K_Ref_20Rep,OtherCowsGen,0,7,0.0104094485533268,48.0332841301379
143,10K_Ref_20Rep,OtherCowsGen,20,7,0.00216911101336303,230.509179530092
144,10K_Ref_20Rep,OtherCowsGen,40,7,0.00137892244052107,362.601974778987
145,10K_Ref_20Rep,OtherCowsGen,0,8,0.0104094485533268,48.0332841301379
146,10K_Ref_20Rep,OtherCowsGen,20,8,0.00157286631391063,317.890971138448
147,10K_Ref_20Rep,OtherCowsGen,40,8,0.00138903117091238,359.963124277173
148,10K_Ref_20Rep,OtherCowsGen,0,9,0.0104094485533268,48.0332841301379
149,10K_Ref_20Rep,OtherCowsGen,20,9,0.00276490223869275,180.838220246225
150,10K_Ref_20Rep,OtherCowsGen,40,9,0.00106790417376301,468.20680383534
151,10K_Ref_20Rep,OtherCowsGen,0,10,0.0104094485533268,48.0332841301379
152,10K_Ref_20Rep,OtherCowsGen,20,10,0.0047530889858276,105.194748402746
153,10K_Ref_20Rep,OtherCowsGen,40,10,0.0019651237171574,254.43690676293
154,10K_Ref_20Rep,OtherCowsGen,0,11,0.0104094485533268,48.0332841301379
155,10K_Ref_20Rep,OtherCowsGen,20,11,0.00170342164684778,293.526855740774
156,10K_Ref_20Rep,OtherCowsGen,40,11,0.00179248206005411,278.942819648028
157,10K_Ref_20Rep,OtherCowsGen,0,12,0.0104094485533268,48.0332841301379
158,10K_Ref_20Rep,OtherCowsGen,20,12,0.00219110847592263,228.195000610118
159,10K_Ref_20Rep,OtherCowsGen,40,12,0.0019720510344704,253.54313415843
160,10K_Ref_20Rep,OtherCowsGen,0,13,0.0104094485533268,48.0332841301379
161,10K_Ref_20Rep,OtherCowsGen,20,13,0.00222117804610167,225.105772532525
162,10K_Ref_20Rep,OtherCowsGen,40,13,0.00158304753103677,315.846486095423
163,10K_Ref_20Rep,OtherCowsGen,0,14,0.0104094485533268,48.0332841301379
164,10K_Ref_20Rep,OtherCowsGen,20,14,0.00182055843878126,274.641005391025
165,10K_Ref_20Rep,OtherCowsGen,40,14,0.0016811013205088,297.424071886797
166,10K_Ref_20Rep,OtherCowsGen,0,15,0.0104094485533268,48.0332841301379
167,10K_Ref_20Rep,OtherCowsGen,20,15,0.00140905018810034,354.84896437514
168,10K_Ref_20Rep,OtherCowsGen,40,15,0.00166531836970207,300.242889946293
169,10K_Ref_20Rep,OtherCowsGen,0,16,0.0104094485533268,48.0332841301379
170,10K_Ref_20Rep,OtherCowsGen,20,16,0.00208547799410719,239.75318915511
171,10K_Ref_20Rep,OtherCowsGen,40,16,0.00130034967113246,384.511959436691
172,10K_Ref_20Rep,OtherCowsGen,0,17,0.0104094485533268,48.0332841301379
173,10K_Ref_20Rep,OtherCowsGen,20,17,0.00382636457298546,130.672336747536
174,10K_Ref_20Rep,OtherCowsGen,40,17,0.00197139375125688,253.627668080626
175,10K_Ref_20Rep,OtherCowsGen,0,18,0.0104094485533268,48.0332841301379
176,10K_Ref_20Rep,OtherCowsGen,20,18,0.00222823504141334,224.392844878185
177,10K_Ref_20Rep,OtherCowsGen,40,18,0.00202708504897464,246.659606242429
178,10K_Ref_20Rep,OtherCowsGen,0,19,0.0104094485533268,48.0332841301379
179,10K_Ref_20Rep,OtherCowsGen,20,19,0.00325146752687533,153.776716472547
180,10K_Ref_20Rep,OtherCowsGen,40,19,0.00149269726389412,334.964102965936
181,10K_Ref_20Rep,BmGen,0,0,0.0104094485533268,48.0332841301379
182,10K_Ref_20Rep,BmGen,20,0,0.00196135416862986,254.925911901615
183,10K_Ref_20Rep,BmGen,40,0,0.00210306441233055,237.74830531506
184,10K_Ref_20Rep,BmGen,0,1,0.0104094485533268,48.0332841301379
185,10K_Ref_20Rep,BmGen,20,1,0.00526283260444926,95.0058718526016
186,10K_Ref_20Rep,BmGen,40,1,0.00209496321878677,238.667674695291
187,10K_Ref_20Rep,BmGen,0,2,0.0104094485533268,48.0332841301379
188,10K_Ref_20Rep,BmGen,20,2,0.00121430393194832,411.758528359338
189,10K_Ref_20Rep,BmGen,40,2,0.00198150032544375,252.334048891981
190,10K_Ref_20Rep,BmGen,0,3,0.0104094485533268,48.0332841301379
191,10K_Ref_20Rep,BmGen,20,3,0.000927637332234665,539.003749229785
192,10K_Ref_20Rep,BmGen,40,3,0.00189861473369024,263.349899865243
193,10K_Ref_20Rep,BmGen,0,4,0.0104094485533268,48.0332841301379
194,10K_Ref_20Rep,BmGen,20,4,0.00161968427155024,308.702139535774
195,10K_Ref_20Rep,BmGen,40,4,0.00204839591662509,244.093437182688
196,10K_Ref_20Rep,BmGen,0,5,0.0104094485533268,48.0332841301379
197,10K_Ref_20Rep,BmGen,20,5,0.00222183876110105,225.038832139296
198,10K_Ref_20Rep,BmGen,40,5,0.00150117150166973,333.073202791192
199,10K_Ref_20Rep,BmGen,0,6,0.0104094485533268,48.0332841301379
200,10K_Ref_20Rep,BmGen,20,6,0.0013720923281797,364.406964262624
201,10K_Ref_20Rep,BmGen,40,6,0.00163829980211549,305.194445701796
202,10K_Ref_20Rep,BmGen,0,7,0.0104094485533268,48.0332841301379
203,10K_Ref_20Rep,BmGen,20,7,0.00216911101336303,230.509179530092
204,10K_Ref_20Rep,BmGen,40,7,0.00164598623627166,303.769247264519
205,10K_Ref_20Rep,BmGen,0,8,0.0104094485533268,48.0332841301379
206,10K_Ref_20Rep,BmGen,20,8,0.00157286631391063,317.890971138448
207,10K_Ref_20Rep,BmGen,40,8,0.00181917502945517,274.849858811962
208,10K_Ref_20Rep,BmGen,0,9,0.0104094485533268,48.0332841301379
209,10K_Ref_20Rep,BmGen,20,9,0.00276490223869275,180.838220246225
210,10K_Ref_20Rep,BmGen,40,9,0.00201285800383022,248.403016531003
211,10K_Ref_20Rep,BmGen,0,10,0.0104094485533268,48.0332841301379
212,10K_Ref_20Rep,BmGen,20,10,0.0047530889858276,105.194748402746
213,10K_Ref_20Rep,BmGen,40,10,0.00222529573567609,224.689236573803
214,10K_Ref_20Rep,BmGen,0,11,0.0104094485533268,48.0332841301379
215,10K_Ref_20Rep,BmGen,20,11,0.00170342164684778,293.526855740774
216,10K_Ref_20Rep,BmGen,40,11,0.00186672717848879,267.848460000874
217,10K_Ref_20Rep,BmGen,0,12,0.0104094485533268,48.0332841301379
218,10K_Ref_20Rep,BmGen,20,12,0.00219110847592263,228.195000610118
219,10K_Ref_20Rep,BmGen,40,12,0.00162904142379827,306.92896613654
220,10K_Ref_20Rep,BmGen,0,13,0.0104094485533268,48.0332841301379
221,10K_Ref_20Rep,BmGen,20,13,0.00222117804610167,225.105772532525
222,10K_Ref_20Rep,BmGen,40,13,0.00111399012129698,448.837014297637
223,10K_Ref_20Rep,BmGen,0,14,0.0104094485533268,48.0332841301379
224,10K_Ref_20Rep,BmGen,20,14,0.00182055843878126,274.641005391025
225,10K_Ref_20Rep,BmGen,40,14,0.00140768512935985,355.193068088584
226,10K_Ref_20Rep,BmGen,0,15,0.0104094485533268,48.0332841301379
227,10K_Ref_20Rep,BmGen,20,15,0.00140905018810034,354.84896437514
228,10K_Ref_20Rep,BmGen,40,15,0.00163872976063872,305.114370904643
229,10K_Ref_20Rep,BmGen,0,16,0.0104094485533268,48.0332841301379
230,10K_Ref_20Rep,BmGen,20,16,0.00208547799410719,239.75318915511
231,10K_Ref_20Rep,BmGen,40,16,0.00184075658939065,271.627439978643
232,10K_Ref_20Rep,BmGen,0,17,0.0104094485533268,48.0332841301379
233,10K_Ref_20Rep,BmGen,20,17,0.00382636457298546,130.672336747536
234,10K_Ref_20Rep,BmGen,40,17,0.00171869105321154,290.9190683606
235,10K_Ref_20Rep,BmGen,0,18,0.0104094485533268,48.0332841301379
236,10K_Ref_20Rep,BmGen,20,18,0.00222823504141334,224.392844878185
237,10K_Ref_20Rep,BmGen,40,18,0.00183192295087031,272.937243218913
238,10K_Ref_20Rep,BmGen,0,19,0.0104094485533268,48.0332841301379
239,10K_Ref_20Rep,BmGen,20,19,0.00325146752687533,153.776716472547
240,10K_Ref_20Rep,BmGen,40,19,0.00274322769455926,182.267042940573
241,10K_Ref_20Rep,Gen,0,0,0.0104094485533268,48.0332841301379
242,10K_Ref_20Rep,Gen,20,0,0.00196135416862986,254.925911901615
243,10K_Ref_20Rep,Gen,40,0,0.00220703952603141,226.547823046503
244,10K_Ref_20Rep,Gen,0,1,0.0104094485533268,48.0332841301379
245,10K_Ref_20Rep,Gen,20,1,0.00526283260444926,95.0058718526016
246,10K_Ref_20Rep,Gen,40,1,0.00253416128679362,197.303937442999
247,10K_Ref_20Rep,Gen,0,2,0.0104094485533268,48.0332841301379
248,10K_Ref_20Rep,Gen,20,2,0.00121430393194832,411.758528359338
249,10K_Ref_20Rep,Gen,40,2,0.00225819081756296,221.416186848019
250,10K_Ref_20Rep,Gen,0,3,0.0104094485533268,48.0332841301379
251,10K_Ref_20Rep,Gen,20,3,0.000927637332234665,539.003749229785
252,10K_Ref_20Rep,Gen,40,3,0.00285607408794752,175.065486609739
253,10K_Ref_20Rep,Gen,0,4,0.0104094485533268,48.0332841301379
254,10K_Ref_20Rep,Gen,20,4,0.00161968427155024,308.702139535774
255,10K_Ref_20Rep,Gen,40,4,0.00203725034452773,245.428845474516
256,10K_Ref_20Rep,Gen,0,5,0.0104094485533268,48.0332841301379
257,10K_Ref_20Rep,Gen,20,5,0.00222183876110105,225.038832139296
258,10K_Ref_20Rep,Gen,40,5,0.00302783776843363,165.13434280155
259,10K_Ref_20Rep,Gen,0,6,0.0104094485533268,48.0332841301379
260,10K_Ref_20Rep,Gen,20,6,0.0013720923281797,364.406964262624
261,10K_Ref_20Rep,Gen,40,6,0.00172630737701762,289.635557755539
262,10K_Ref_20Rep,Gen,0,7,0.0104094485533268,48.0332841301379
263,10K_Ref_20Rep,Gen,20,7,0.00216911101336303,230.509179530092
264,10K_Ref_20Rep,Gen,40,7,0.00189017634669164,264.525582956927
265,10K_Ref_20Rep,Gen,0,8,0.0104094485533268,48.0332841301379
266,10K_Ref_20Rep,Gen,20,8,0.00157286631391063,317.890971138448
267,10K_Ref_20Rep,Gen,40,8,0.00280422964300298,178.302087793553
268,10K_Ref_20Rep,Gen,0,9,0.0104094485533268,48.0332841301379
269,10K_Ref_20Rep,Gen,20,9,0.00276490223869275,180.838220246225
270,10K_Ref_20Rep,Gen,40,9,0.00217059786201801,230.351281897582
271,10K_Ref_20Rep,Gen,0,10,0.0104094485533268,48.0332841301379
272,10K_Ref_20Rep,Gen,20,10,0.0047530889858276,105.194748402746
273,10K_Ref_20Rep,Gen,40,10,0.00249408037205345,200.474694241042
274,10K_Ref_20Rep,Gen,0,11,0.0104094485533268,48.0332841301379
275,10K_Ref_20Rep,Gen,20,11,0.00170342164684778,293.526855740774
276,10K_Ref_20Rep,Gen,40,11,0.00289827488195027,172.516417650332
277,10K_Ref_20Rep,Gen,0,12,0.0104094485533268,48.0332841301379
278,10K_Ref_20Rep,Gen,20,12,0.00219110847592263,228.195000610118
279,10K_Ref_20Rep,Gen,40,12,0.00230360856735734,217.050764216245
280,10K_Ref_20Rep,Gen,0,13,0.0104094485533268,48.0332841301379
281,10K_Ref_20Rep,Gen,20,13,0.00222117804610167,225.105772532525
282,10K_Ref_20Rep,Gen,40,13,0.0025514130697577,195.969835667371
283,10K_Ref_20Rep,Gen,0,14,0.0104094485533268,48.0332841301379
284,10K_Ref_20Rep,Gen,20,14,0.00182055843878126,274.641005391025
285,10K_Ref_20Rep,Gen,40,14,0.00275309499565557,181.613784046322
286,10K_Ref_20Rep,Gen,0,15,0.0104094485533268,48.0332841301379
287,10K_Ref_20Rep,Gen,20,15,0.00140905018810034,354.84896437514
288,10K_Ref_20Rep,Gen,40,15,0.0021608787776215,231.387343509549
289,10K_Ref_20Rep,Gen,0,16,0.0104094485533268,48.0332841301379
290,10K_Ref_20Rep,Gen,20,16,0.00208547799410719,239.75318915511
291,10K_Ref_20Rep,Gen,40,16,0.00255083938251932,196.013909549326
292,10K_Ref_20Rep,Gen,0,17,0.0104094485533268,48.0332841301379
293,10K_Ref_20Rep,Gen,20,17,0.00382636457298546,130.672336747536
294,10K_Ref_20Rep,Gen,40,17,0.00188456451572205,265.313283694313
295,10K_Ref_20Rep,Gen,0,18,0.0104094485533268,48.0332841301379
296,10K_Ref_20Rep,Gen,20,18,0.00222823504141334,224.392844878185
297,10K_Ref_20Rep,Gen,40,18,0.00195084446374372,256.299263879032
298,10K_Ref_20Rep,Gen,0,19,0.0104094485533268,48.0332841301379
299,10K_Ref_20Rep,Gen,20,19,0.00325146752687533,153.776716472547
300,10K_Ref_20Rep,Gen,40,19,0.00213787585971181,233.877003535369
301,10K_Ref_1Pb,Class,0,0,0.0104094485533268,48.0332841301379
302,10K_Ref_1Pb,Class,20,0,0.00196135416862986,254.925911901615
303,10K_Ref_1Pb,Class,40,0,0.00479979247516493,104.171170438534
304,10K_Ref_1Pb,Class,0,1,0.0104094485533268,48.0332841301379
305,10K_Ref_1Pb,Class,20,1,0.00526283260444926,95.0058718526016
306,10K_Ref_1Pb,Class,40,1,0.00594219104447768,84.1440465743137
307,10K_Ref_1Pb,Class,0,2,0.0104094485533268,48.0332841301379
308,10K_Ref_1Pb,Class,20,2,0.00121430393194832,411.758528359338
309,10K_Ref_1Pb,Class,40,2,0.00521521850228357,95.8732601100159
310,10K_Ref_1Pb,Class,0,3,0.0104094485533268,48.0332841301379
311,10K_Ref_1Pb,Class,20,3,0.000927637332234665,539.003749229785
312,10K_Ref_1Pb,Class,40,3,0.00436573042831578,114.528372333078
313,10K_Ref_1Pb,Class,0,4,0.0104094485533268,48.0332841301379
314,10K_Ref_1Pb,Class,20,4,0.00161968427155024,308.702139535774
315,10K_Ref_1Pb,Class,40,4,0.00561275044446274,89.0828845763621
316,10K_Ref_1Pb,Class,0,5,0.0104094485533268,48.0332841301379
317,10K_Ref_1Pb,Class,20,5,0.00222183876110105,225.038832139296
318,10K_Ref_1Pb,Class,40,5,0.00346667263829348,144.230520781487
319,10K_Ref_1Pb,Class,0,6,0.0104094485533268,48.0332841301379
320,10K_Ref_1Pb,Class,20,6,0.0013720923281797,364.406964262624
321,10K_Ref_1Pb,Class,40,6,0.00393419369494885,127.090844724284
322,10K_Ref_1Pb,Class,0,7,0.0104094485533268,48.0332841301379
323,10K_Ref_1Pb,Class,20,7,0.00216911101336303,230.509179530092
324,10K_Ref_1Pb,Class,40,7,0.00335366701114248,149.090532345269
325,10K_Ref_1Pb,Class,0,8,0.0104094485533268,48.0332841301379
326,10K_Ref_1Pb,Class,20,8,0.00157286631391063,317.890971138448
327,10K_Ref_1Pb,Class,40,8,0.00395055078511475,126.564630401398
328,10K_Ref_1Pb,Class,0,9,0.0104094485533268,48.0332841301379
329,10K_Ref_1Pb,Class,20,9,0.00276490223869275,180.838220246225
330,10K_Ref_1Pb,Class,40,9,0.00479940182822314,104.179649442921
331,10K_Ref_1Pb,Class,0,10,0.0104094485533268,48.0332841301379
332,10K_Ref_1Pb,Class,20,10,0.0047530889858276,105.194748402746
333,10K_Ref_1Pb,Class,40,10,0.00533673566297854,93.6902315526978
334,10K_Ref_1Pb,Class,0,11,0.0104094485533268,48.0332841301379
335,10K_Ref_1Pb,Class,20,11,0.00170342164684778,293.526855740774
336,10K_Ref_1Pb,Class,40,11,0.00486351372647909,102.806330591355
337,10K_Ref_1Pb,Class,0,12,0.0104094485533268,48.0332841301379
338,10K_Ref_1Pb,Class,20,12,0.00219110847592263,228.195000610118
339,10K_Ref_1Pb,Class,40,12,0.00442411587938518,113.016931208747
340,10K_Ref_1Pb,Class,0,13,0.0104094485533268,48.0332841301379
341,10K_Ref_1Pb,Class,20,13,0.00222117804610167,225.105772532525
342,10K_Ref_1Pb,Class,40,13,0.00396522848117442,126.096138563978
343,10K_Ref_1Pb,Class,0,14,0.0104094485533268,48.0332841301379
344,10K_Ref_1Pb,Class,20,14,0.00182055843878126,274.641005391025
345,10K_Ref_1Pb,Class,40,14,0.00313711130656069,159.382295092413
346,10K_Ref_1Pb,Class,0,15,0.0104094485533268,48.0332841301379
347,10K_Ref_1Pb,Class,20,15,0.00140905018810034,354.84896437514
348,10K_Ref_1Pb,Class,40,15,0.00494484500574122,101.115403904364
349,10K_Ref_1Pb,Class,0,16,0.0104094485533268,48.0332841301379
350,10K_Ref_1Pb,Class,20,16,0.00208547799410719,239.75318915511
351,10K_Ref_1Pb,Class,40,16,0.0035631120044407,140.32677035604
352,10K_Ref_1Pb,Class,0,17,0.0104094485533268,48.0332841301379
353,10K_Ref_1Pb,Class,20,17,0.00382636457298546,130.672336747536
354,10K_Ref_1Pb,Class,40,17,0.00448961153773664,111.36820987681
355,10K_Ref_1Pb,Class,0,18,0.0104094485533268,48.0332841301379
356,10K_Ref_1Pb,Class,20,18,0.00222823504141334,224.392844878185
357,10K_Ref_1Pb,Class,40,18,0.00397081683442901,125.918676395432
358,10K_Ref_1Pb,Class,0,19,0.0104094485533268,48.0332841301379
359,10K_Ref_1Pb,Class,20,19,0.00325146752687533,153.776716472547
360,10K_Ref_1Pb,Class,40,19,0.00276755080679558,180.665156633177
361,10K_Ref_1Pb,GenSLO,0,0,0.0104094485533268,48.0332841301379
362,10K_Ref_1Pb,GenSLO,20,0,0.00196135416862986,254.925911901615
363,10K_Ref_1Pb,GenSLO,40,0,0.00246866696526282,202.538457813717
364,10K_Ref_1Pb,GenSLO,0,1,0.0104094485533268,48.0332841301379
365,10K_Ref_1Pb,GenSLO,20,1,0.00526283260444926,95.0058718526016
366,10K_Ref_1Pb,GenSLO,40,1,0.00364701517721866,137.098414923877
367,10K_Ref_1Pb,GenSLO,0,2,0.0104094485533268,48.0332841301379
368,10K_Ref_1Pb,GenSLO,20,2,0.00121430393194832,411.758528359338
369,10K_Ref_1Pb,GenSLO,40,2,0.00298271527129845,167.632494060466
370,10K_Ref_1Pb,GenSLO,0,3,0.0104094485533268,48.0332841301379
371,10K_Ref_1Pb,GenSLO,20,3,0.000927637332234665,539.003749229785
372,10K_Ref_1Pb,GenSLO,40,3,0.00301383517599108,165.901574174699
373,10K_Ref_1Pb,GenSLO,0,4,0.0104094485533268,48.0332841301379
374,10K_Ref_1Pb,GenSLO,20,4,0.00161968427155024,308.702139535774
375,10K_Ref_1Pb,GenSLO,40,4,0.00398348939858251,125.518094808517
376,10K_Ref_1Pb,GenSLO,0,5,0.0104094485533268,48.0332841301379
377,10K_Ref_1Pb,GenSLO,20,5,0.00222183876110105,225.038832139296
378,10K_Ref_1Pb,GenSLO,40,5,0.0041546457135645,120.347205146169
379,10K_Ref_1Pb,GenSLO,0,6,0.0104094485533268,48.0332841301379
380,10K_Ref_1Pb,GenSLO,20,6,0.0013720923281797,364.406964262624
381,10K_Ref_1Pb,GenSLO,40,6,0.00374686902713361,133.444749837574
382,10K_Ref_1Pb,GenSLO,0,7,0.0104094485533268,48.0332841301379
383,10K_Ref_1Pb,GenSLO,20,7,0.00216911101336303,230.509179530092
384,10K_Ref_1Pb,GenSLO,40,7,0.00270908176727813,184.564381200779
385,10K_Ref_1Pb,GenSLO,0,8,0.0104094485533268,48.0332841301379
386,10K_Ref_1Pb,GenSLO,20,8,0.00157286631391063,317.890971138448
387,10K_Ref_1Pb,GenSLO,40,8,0.0017662871548082,283.079678544282
388,10K_Ref_1Pb,GenSLO,0,9,0.0104094485533268,48.0332841301379
389,10K_Ref_1Pb,GenSLO,20,9,0.00276490223869275,180.838220246225
390,10K_Ref_1Pb,GenSLO,40,9,0.00287893999106903,173.675033710701
391,10K_Ref_1Pb,GenSLO,0,10,0.0104094485533268,48.0332841301379
392,10K_Ref_1Pb,GenSLO,20,10,0.0047530889858276,105.194748402746
393,10K_Ref_1Pb,GenSLO,40,10,0.00453031280959648,110.367654732552
394,10K_Ref_1Pb,GenSLO,0,11,0.0104094485533268,48.0332841301379
395,10K_Ref_1Pb,GenSLO,20,11,0.00170342164684778,293.526855740774
396,10K_Ref_1Pb,GenSLO,40,11,0.00327122034500738,152.84815673243
397,10K_Ref_1Pb,GenSLO,0,12,0.0104094485533268,48.0332841301379
398,10K_Ref_1Pb,GenSLO,20,12,0.00219110847592263,228.195000610118
399,10K_Ref_1Pb,GenSLO,40,12,0.00384262197661578,130.119486913556
400,10K_Ref_1Pb,GenSLO,0,13,0.0104094485533268,48.0332841301379
401,10K_Ref_1Pb,GenSLO,20,13,0.00222117804610167,225.105772532525
402,10K_Ref_1Pb,GenSLO,40,13,0.00298645192718794,167.422751877611
403,10K_Ref_1Pb,GenSLO,0,14,0.0104094485533268,48.0332841301379
404,10K_Ref_1Pb,GenSLO,20,14,0.00182055843878126,274.641005391025
405,10K_Ref_1Pb,GenSLO,40,14,0.00329328547062757,151.824068839292
406,10K_Ref_1Pb,GenSLO,0,15,0.0104094485533268,48.0332841301379
407,10K_Ref_1Pb,GenSLO,20,15,0.00140905018810034,354.84896437514
408,10K_Ref_1Pb,GenSLO,40,15,0.00379011357626124,131.922168014085
409,10K_Ref_1Pb,GenSLO,0,16,0.0104094485533268,48.0332841301379
410,10K_Ref_1Pb,GenSLO,20,16,0.00208547799410719,239.75318915511
411,10K_Ref_1Pb,GenSLO,40,16,0.00323375233301937,154.619138545204
412,10K_Ref_1Pb,GenSLO,0,17,0.0104094485533268,48.0332841301379
413,10K_Ref_1Pb,GenSLO,20,17,0.00382636457298546,130.672336747536
414,10K_Ref_1Pb,GenSLO,40,17,0.00364905533693105,137.02176421926
415,10K_Ref_1Pb,GenSLO,0,18,0.0104094485533268,48.0332841301379
416,10K_Ref_1Pb,GenSLO,20,18,0.00222823504141334,224.392844878185
417,10K_Ref_1Pb,GenSLO,40,18,0.00377865389106369,132.322254012857
418,10K_Ref_1Pb,GenSLO,0,19,0.0104094485533268,48.0332841301379
419,10K_Ref_1Pb,GenSLO,20,19,0.00325146752687533,153.776716472547
420,10K_Ref_1Pb,GenSLO,40,19,0.00355307281740191,140.723262847625
421,10K_Ref_1Pb,OtherCowsGen,0,0,0.0104094485533268,48.0332841301379
422,10K_Ref_1Pb,OtherCowsGen,20,0,0.00196135416862986,254.925911901615
423,10K_Ref_1Pb,OtherCowsGen,40,0,0.00584347432004262,85.5655338956556
424,10K_Ref_1Pb,OtherCowsGen,0,1,0.0104094485533268,48.0332841301379
425,10K_Ref_1Pb,OtherCowsGen,20,1,0.00526283260444926,95.0058718526016
426,10K_Ref_1Pb,OtherCowsGen,40,1,0.00553829849338505,90.2804355159261
427,10K_Ref_1Pb,OtherCowsGen,0,2,0.0104094485533268,48.0332841301379
428,10K_Ref_1Pb,OtherCowsGen,20,2,0.00121430393194832,411.758528359338
429,10K_Ref_1Pb,OtherCowsGen,40,2,0.0056081225608452,89.1563967397755
430,10K_Ref_1Pb,OtherCowsGen,0,3,0.0104094485533268,48.0332841301379
431,10K_Ref_1Pb,OtherCowsGen,20,3,0.000927637332234665,539.003749229785
432,10K_Ref_1Pb,OtherCowsGen,40,3,0.00733260101372801,68.1886276184816
433,10K_Ref_1Pb,OtherCowsGen,0,4,0.0104094485533268,48.0332841301379
434,10K_Ref_1Pb,OtherCowsGen,20,4,0.00161968427155024,308.702139535774
435,10K_Ref_1Pb,OtherCowsGen,40,4,0.00382450718181837,130.73579842574
436,10K_Ref_1Pb,OtherCowsGen,0,5,0.0104094485533268,48.0332841301379
437,10K_Ref_1Pb,OtherCowsGen,20,5,0.00222183876110105,225.038832139296
438,10K_Ref_1Pb,OtherCowsGen,40,5,0.00411267541774951,121.575361343153
439,10K_Ref_1Pb,OtherCowsGen,0,6,0.0104094485533268,48.0332841301379
440,10K_Ref_1Pb,OtherCowsGen,20,6,0.0013720923281797,364.406964262624
441,10K_Ref_1Pb,OtherCowsGen,40,6,0.00525565436620068,95.1356320566892
442,10K_Ref_1Pb,OtherCowsGen,0,7,0.0104094485533268,48.0332841301379
443,10K_Ref_1Pb,OtherCowsGen,20,7,0.00216911101336303,230.509179530092
444,10K_Ref_1Pb,OtherCowsGen,40,7,0.00474389815962384,105.398552661941
445,10K_Ref_1Pb,OtherCowsGen,0,8,0.0104094485533268,48.0332841301379
446,10K_Ref_1Pb,OtherCowsGen,20,8,0.00157286631391063,317.890971138448
447,10K_Ref_1Pb,OtherCowsGen,40,8,0.00238661151045638,209.50204832641
448,10K_Ref_1Pb,OtherCowsGen,0,9,0.0104094485533268,48.0332841301379
449,10K_Ref_1Pb,OtherCowsGen,20,9,0.00276490223869275,180.838220246225
450,10K_Ref_1Pb,OtherCowsGen,40,9,0.00430107227911014,116.250080806232
451,10K_Ref_1Pb,OtherCowsGen,0,10,0.0104094485533268,48.0332841301379
452,10K_Ref_1Pb,OtherCowsGen,20,10,0.0047530889858276,105.194748402746
453,10K_Ref_1Pb,OtherCowsGen,40,10,0.00634182047831189,78.8417145691727
454,10K_Ref_1Pb,OtherCowsGen,0,11,0.0104094485533268,48.0332841301379
455,10K_Ref_1Pb,OtherCowsGen,20,11,0.00170342164684778,293.526855740774
456,10K_Ref_1Pb,OtherCowsGen,40,11,0.00384354429547484,130.088262697706
457,10K_Ref_1Pb,OtherCowsGen,0,12,0.0104094485533268,48.0332841301379
458,10K_Ref_1Pb,OtherCowsGen,20,12,0.00219110847592263,228.195000610118
459,10K_Ref_1Pb,OtherCowsGen,40,12,0.0058374135439313,85.6543735058501
460,10K_Ref_1Pb,OtherCowsGen,0,13,0.0104094485533268,48.0332841301379
461,10K_Ref_1Pb,OtherCowsGen,20,13,0.00222117804610167,225.105772532525
462,10K_Ref_1Pb,OtherCowsGen,40,13,0.00712546114229262,70.170897014972
463,10K_Ref_1Pb,OtherCowsGen,0,14,0.0104094485533268,48.0332841301379
464,10K_Ref_1Pb,OtherCowsGen,20,14,0.00182055843878126,274.641005391025
465,10K_Ref_1Pb,OtherCowsGen,40,14,0.00359478746959607,139.090281199901
466,10K_Ref_1Pb,OtherCowsGen,0,15,0.0104094485533268,48.0332841301379
467,10K_Ref_1Pb,OtherCowsGen,20,15,0.00140905018810034,354.84896437514
468,10K_Ref_1Pb,OtherCowsGen,40,15,0.00516762687632166,96.7562116938098
469,10K_Ref_1Pb,OtherCowsGen,0,16,0.0104094485533268,48.0332841301379
470,10K_Ref_1Pb,OtherCowsGen,20,16,0.00208547799410719,239.75318915511
471,10K_Ref_1Pb,OtherCowsGen,40,16,0.00409230569504115,122.180510758489
472,10K_Ref_1Pb,OtherCowsGen,0,17,0.0104094485533268,48.0332841301379
473,10K_Ref_1Pb,OtherCowsGen,20,17,0.00382636457298546,130.672336747536
474,10K_Ref_1Pb,OtherCowsGen,40,17,0.00362856361155828,137.795572442859
475,10K_Ref_1Pb,OtherCowsGen,0,18,0.0104094485533268,48.0332841301379
476,10K_Ref_1Pb,OtherCowsGen,20,18,0.00222823504141334,224.392844878185
477,10K_Ref_1Pb,OtherCowsGen,40,18,0.00434171871045674,115.161767342454
478,10K_Ref_1Pb,OtherCowsGen,0,19,0.0104094485533268,48.0332841301379
479,10K_Ref_1Pb,OtherCowsGen,20,19,0.00325146752687533,153.776716472547
480,10K_Ref_1Pb,OtherCowsGen,40,19,0.00381799395172955,130.958824534937
481,10K_Ref_1Pb,BmGen,0,0,0.0104094485533268,48.0332841301379
482,10K_Ref_1Pb,BmGen,20,0,0.00196135416862986,254.925911901615
483,10K_Ref_1Pb,BmGen,40,0,0.00133389460750633,374.842208062251
484,10K_Ref_1Pb,BmGen,0,1,0.0104094485533268,48.0332841301379
485,10K_Ref_1Pb,BmGen,20,1,0.00526283260444926,95.0058718526016
486,10K_Ref_1Pb,BmGen,40,1,0.0034324359793162,145.669140812237
487,10K_Ref_1Pb,BmGen,0,2,0.0104094485533268,48.0332841301379
488,10K_Ref_1Pb,BmGen,20,2,0.00121430393194832,411.758528359338
489,10K_Ref_1Pb,BmGen,40,2,0.00331054511821682,151.032528524885
490,10K_Ref_1Pb,BmGen,0,3,0.0104094485533268,48.0332841301379
491,10K_Ref_1Pb,BmGen,20,3,0.000927637332234665,539.003749229785
492,10K_Ref_1Pb,BmGen,40,3,0.00262411834047038,190.540187265477
493,10K_Ref_1Pb,BmGen,0,4,0.0104094485533268,48.0332841301379
494,10K_Ref_1Pb,BmGen,20,4,0.00161968427155024,308.702139535774
495,10K_Ref_1Pb,BmGen,40,4,0.00278633424470387,179.447243614213
496,10K_Ref_1Pb,BmGen,0,5,0.0104094485533268,48.0332841301379
497,10K_Ref_1Pb,BmGen,20,5,0.00222183876110105,225.038832139296
498,10K_Ref_1Pb,BmGen,40,5,0.00232297669159276,215.241074871557
499,10K_Ref_1Pb,BmGen,0,6,0.0104094485533268,48.0332841301379
500,10K_Ref_1Pb,BmGen,20,6,0.0013720923281797,364.406964262624
501,10K_Ref_1Pb,BmGen,40,6,0.0027340418466314,182.879424693535
502,10K_Ref_1Pb,BmGen,0,7,0.0104094485533268,48.0332841301379
503,10K_Ref_1Pb,BmGen,20,7,0.00216911101336303,230.509179530092
504,10K_Ref_1Pb,BmGen,40,7,0.00215950286014865,231.534770908144
505,10K_Ref_1Pb,BmGen,0,8,0.0104094485533268,48.0332841301379
506,10K_Ref_1Pb,BmGen,20,8,0.00157286631391063,317.890971138448
507,10K_Ref_1Pb,BmGen,40,8,0.00193302385843275,258.662094530685
508,10K_Ref_1Pb,BmGen,0,9,0.0104094485533268,48.0332841301379
509,10K_Ref_1Pb,BmGen,20,9,0.00276490223869275,180.838220246225
510,10K_Ref_1Pb,BmGen,40,9,0.00204633751902938,244.338969182933
511,10K_Ref_1Pb,BmGen,0,10,0.0104094485533268,48.0332841301379
512,10K_Ref_1Pb,BmGen,20,10,0.0047530889858276,105.194748402746
513,10K_Ref_1Pb,BmGen,40,10,0.00382468933666458,130.729571996046
514,10K_Ref_1Pb,BmGen,0,11,0.0104094485533268,48.0332841301379
515,10K_Ref_1Pb,BmGen,20,11,0.00170342164684778,293.526855740774
516,10K_Ref_1Pb,BmGen,40,11,0.00255145228986242,195.96682328203
517,10K_Ref_1Pb,BmGen,0,12,0.0104094485533268,48.0332841301379
518,10K_Ref_1Pb,BmGen,20,12,0.00219110847592263,228.195000610118
519,10K_Ref_1Pb,BmGen,40,12,0.00243336384859349,205.476875268367
520,10K_Ref_1Pb,BmGen,0,13,0.0104094485533268,48.0332841301379
521,10K_Ref_1Pb,BmGen,20,13,0.00222117804610167,225.105772532525
522,10K_Ref_1Pb,BmGen,40,13,0.0026573312055338,188.158705606124
523,10K_Ref_1Pb,BmGen,0,14,0.0104094485533268,48.0332841301379
524,10K_Ref_1Pb,BmGen,20,14,0.00182055843878126,274.641005391025
525,10K_Ref_1Pb,BmGen,40,14,0.00255072412641355,196.022766563558
526,10K_Ref_1Pb,BmGen,0,15,0.0104094485533268,48.0332841301379
527,10K_Ref_1Pb,BmGen,20,15,0.00140905018810034,354.84896437514
528,10K_Ref_1Pb,BmGen,40,15,0.0016557167546144,301.984019070004
529,10K_Ref_1Pb,BmGen,0,16,0.0104094485533268,48.0332841301379
530,10K_Ref_1Pb,BmGen,20,16,0.00208547799410719,239.75318915511
531,10K_Ref_1Pb,BmGen,40,16,0.00278110316101499,179.784772822854
532,10K_Ref_1Pb,BmGen,0,17,0.0104094485533268,48.0332841301379
533,10K_Ref_1Pb,BmGen,20,17,0.00382636457298546,130.672336747536
534,10K_Ref_1Pb,BmGen,40,17,0.00299119478705245,167.157285163867
535,10K_Ref_1Pb,BmGen,0,18,0.0104094485533268,48.0332841301379
536,10K_Ref_1Pb,BmGen,20,18,0.00222823504141334,224.392844878185
537,10K_Ref_1Pb,BmGen,40,18,0.00217116748659552,230.290847245517
538,10K_Ref_1Pb,BmGen,0,19,0.0104094485533268,48.0332841301379
539,10K_Ref_1Pb,BmGen,20,19,0.00325146752687533,153.776716472547
540,10K_Ref_1Pb,BmGen,40,19,0.00367648652590324,135.999410436343
541,10K_Ref_1Pb,Gen,0,0,0.0104094485533268,48.0332841301379
542,10K_Ref_1Pb,Gen,20,0,0.00196135416862986,254.925911901615
543,10K_Ref_1Pb,Gen,40,0,0.00249025746832443,200.782451758462
544,10K_Ref_1Pb,Gen,0,1,0.0104094485533268,48.0332841301379
545,10K_Ref_1Pb,Gen,20,1,0.00526283260444926,95.0058718526016
546,10K_Ref_1Pb,Gen,40,1,0.00692301211292368,72.2228983344713
547,10K_Ref_1Pb,Gen,0,2,0.0104094485533268,48.0332841301379
548,10K_Ref_1Pb,Gen,20,2,0.00121430393194832,411.758528359338
549,10K_Ref_1Pb,Gen,40,2,0.0108062804677412,46.2693894992448
550,10K_Ref_1Pb,Gen,0,3,0.0104094485533268,48.0332841301379
551,10K_Ref_1Pb,Gen,20,3,0.000927637332234665,539.003749229785
552,10K_Ref_1Pb,Gen,40,3,0.00437613338903942,114.256115056345
553,10K_Ref_1Pb,Gen,0,4,0.0104094485533268,48.0332841301379
554,10K_Ref_1Pb,Gen,20,4,0.00161968427155024,308.702139535774
555,10K_Ref_1Pb,Gen,40,4,0.00708957091113505,70.5261300390815
556,10K_Ref_1Pb,Gen,0,5,0.0104094485533268,48.0332841301379
557,10K_Ref_1Pb,Gen,20,5,0.00222183876110105,225.038832139296
558,10K_Ref_1Pb,Gen,40,5,0.00720009278030087,69.4435495842467
559,10K_Ref_1Pb,Gen,0,6,0.0104094485533268,48.0332841301379
560,10K_Ref_1Pb,Gen,20,6,0.0013720923281797,364.406964262624
561,10K_Ref_1Pb,Gen,40,6,0.00142633100613621,350.549765691803
562,10K_Ref_1Pb,Gen,0,7,0.0104094485533268,48.0332841301379
563,10K_Ref_1Pb,Gen,20,7,0.00216911101336303,230.509179530092
564,10K_Ref_1Pb,Gen,40,7,0.00291223000403495,171.68973580632
565,10K_Ref_1Pb,Gen,0,8,0.0104094485533268,48.0332841301379
566,10K_Ref_1Pb,Gen,20,8,0.00157286631391063,317.890971138448
567,10K_Ref_1Pb,Gen,40,8,0.010547753344569,47.4034596436071
568,10K_Ref_1Pb,Gen,0,9,0.0104094485533268,48.0332841301379
569,10K_Ref_1Pb,Gen,20,9,0.00276490223869275,180.838220246225
570,10K_Ref_1Pb,Gen,40,9,0.00143159062170806,349.261857697448
571,10K_Ref_1Pb,Gen,0,10,0.0104094485533268,48.0332841301379
572,10K_Ref_1Pb,Gen,20,10,0.0047530889858276,105.194748402746
573,10K_Ref_1Pb,Gen,40,10,0.0103237939537597,48.4318073606952
574,10K_Ref_1Pb,Gen,0,11,0.0104094485533268,48.0332841301379
575,10K_Ref_1Pb,Gen,20,11,0.00170342164684778,293.526855740774
576,10K_Ref_1Pb,Gen,40,11,0.00982860526386908,50.8719178943984
577,10K_Ref_1Pb,Gen,0,12,0.0104094485533268,48.0332841301379
578,10K_Ref_1Pb,Gen,20,12,0.00219110847592263,228.195000610118
579,10K_Ref_1Pb,Gen,40,12,0.00769557553280287,64.972398473476
580,10K_Ref_1Pb,Gen,0,13,0.0104094485533268,48.0332841301379
581,10K_Ref_1Pb,Gen,20,13,0.00222117804610167,225.105772532525
582,10K_Ref_1Pb,Gen,40,13,0.00774897378953976,64.5246730186317
583,10K_Ref_1Pb,Gen,0,14,0.0104094485533268,48.0332841301379
584,10K_Ref_1Pb,Gen,20,14,0.00182055843878126,274.641005391025
585,10K_Ref_1Pb,Gen,40,14,0.00741442568115447,67.4361065174433
586,10K_Ref_1Pb,Gen,0,15,0.0104094485533268,48.0332841301379
587,10K_Ref_1Pb,Gen,20,15,0.00140905018810034,354.84896437514
588,10K_Ref_1Pb,Gen,40,15,0.00777572704602125,64.3026686817465
589,10K_Ref_1Pb,Gen,0,16,0.0104094485533268,48.0332841301379
590,10K_Ref_1Pb,Gen,20,16,0.00208547799410719,239.75318915511
591,10K_Ref_1Pb,Gen,40,16,0.00603093025962198,82.9059495759018
592,10K_Ref_1Pb,Gen,0,17,0.0104094485533268,48.0332841301379
593,10K_Ref_1Pb,Gen,20,17,0.00382636457298546,130.672336747536
594,10K_Ref_1Pb,Gen,40,17,0.00836071743971667,59.8034802162796
595,10K_Ref_1Pb,Gen,0,18,0.0104094485533268,48.0332841301379
596,10K_Ref_1Pb,Gen,20,18,0.00222823504141334,224.392844878185
597,10K_Ref_1Pb,Gen,40,18,0.00965092275158319,51.8085174723813
598,10K_Ref_1Pb,Gen,0,19,0.0104094485533268,48.0332841301379
599,10K_Ref_1Pb,Gen,20,19,0.00325146752687533,153.776716472547
600,10K_Ref_1Pb,Gen,40,19,0.00777405636052686,64.3164876625765
601,10K_Ref_1Year,Class,0,0,0.0104094485533268,48.0332841301379
602,10K_Ref_1Year,Class,20,0,0.00196135416862986,254.925911901615
603,10K_Ref_1Year,Class,40,0,0.0011348394303663,440.590965224581
604,10K_Ref_1Year,Class,0,1,0.0104094485533268,48.0332841301379
605,10K_Ref_1Year,Class,20,1,0.00526283260444926,95.0058718526016
606,10K_Ref_1Year,Class,40,1,0.00202220133901188,247.25530062418
607,10K_Ref_1Year,Class,0,2,0.0104094485533268,48.0332841301379
608,10K_Ref_1Year,Class,20,2,0.00121430393194832,411.758528359338
609,10K_Ref_1Year,Class,40,2,0.0017018047821501,293.805732152362
610,10K_Ref_1Year,Class,0,3,0.0104094485533268,48.0332841301379
611,10K_Ref_1Year,Class,20,3,0.000927637332234665,539.003749229785
612,10K_Ref_1Year,Class,40,3,0.00151794296016894,329.39314132354
613,10K_Ref_1Year,Class,0,4,0.0104094485533268,48.0332841301379
614,10K_Ref_1Year,Class,20,4,0.00161968427155024,308.702139535774
615,10K_Ref_1Year,Class,40,4,0.00214972743397068,232.587625807272
616,10K_Ref_1Year,Class,0,5,0.0104094485533268,48.0332841301379
617,10K_Ref_1Year,Class,20,5,0.00222183876110105,225.038832139296
618,10K_Ref_1Year,Class,40,5,0.00152180730657014,328.556708751059
619,10K_Ref_1Year,Class,0,6,0.0104094485533268,48.0332841301379
620,10K_Ref_1Year,Class,20,6,0.0013720923281797,364.406964262624
621,10K_Ref_1Year,Class,40,6,0.00156861090885696,318.753361446624
622,10K_Ref_1Year,Class,0,7,0.0104094485533268,48.0332841301379
623,10K_Ref_1Year,Class,20,7,0.00216911101336303,230.509179530092
624,10K_Ref_1Year,Class,40,7,0.00132170566040313,378.299053245711
625,10K_Ref_1Year,Class,0,8,0.0104094485533268,48.0332841301379
626,10K_Ref_1Year,Class,20,8,0.00157286631391063,317.890971138448
627,10K_Ref_1Year,Class,40,8,0.00158686058682689,315.087540865709
628,10K_Ref_1Year,Class,0,9,0.0104094485533268,48.0332841301379
629,10K_Ref_1Year,Class,20,9,0.00276490223869275,180.838220246225
630,10K_Ref_1Year,Class,40,9,0.00174470805916915,286.580896656203
631,10K_Ref_1Year,Class,0,10,0.0104094485533268,48.0332841301379
632,10K_Ref_1Year,Class,20,10,0.0047530889858276,105.194748402746
633,10K_Ref_1Year,Class,40,10,0.00192678237918475,259.499985780208
634,10K_Ref_1Year,Class,0,11,0.0104094485533268,48.0332841301379
635,10K_Ref_1Year,Class,20,11,0.00170342164684778,293.526855740774
636,10K_Ref_1Year,Class,40,11,0.00211928605553424,235.928509364894
637,10K_Ref_1Year,Class,0,12,0.0104094485533268,48.0332841301379
638,10K_Ref_1Year,Class,20,12,0.00219110847592263,228.195000610118
639,10K_Ref_1Year,Class,40,12,0.00237340000045938,210.668239615414
640,10K_Ref_1Year,Class,0,13,0.0104094485533268,48.0332841301379
641,10K_Ref_1Year,Class,20,13,0.00222117804610167,225.105772532525
642,10K_Ref_1Year,Class,40,13,0.00166235515974911,300.778084074081
643,10K_Ref_1Year,Class,0,14,0.0104094485533268,48.0332841301379
644,10K_Ref_1Year,Class,20,14,0.00182055843878126,274.641005391025
645,10K_Ref_1Year,Class,40,14,0.00150290863822944,332.68822021613
646,10K_Ref_1Year,Class,0,15,0.0104094485533268,48.0332841301379
647,10K_Ref_1Year,Class,20,15,0.00140905018810034,354.84896437514
648,10K_Ref_1Year,Class,40,15,0.0018848507167577,265.272997778887
649,10K_Ref_1Year,Class,0,16,0.0104094485533268,48.0332841301379
650,10K_Ref_1Year,Class,20,16,0.00208547799410719,239.75318915511
651,10K_Ref_1Year,Class,40,16,0.00165236641028976,302.596322998553
652,10K_Ref_1Year,Class,0,17,0.0104094485533268,48.0332841301379
653,10K_Ref_1Year,Class,20,17,0.00382636457298546,130.672336747536
654,10K_Ref_1Year,Class,40,17,0.00150093657627093,333.125335143906
655,10K_Ref_1Year,Class,0,18,0.0104094485533268,48.0332841301379
656,10K_Ref_1Year,Class,20,18,0.00222823504141334,224.392844878185
657,10K_Ref_1Year,Class,40,18,0.00200851787886691,248.939780552051
658,10K_Ref_1Year,Class,0,19,0.0104094485533268,48.0332841301379
659,10K_Ref_1Year,Class,20,19,0.00325146752687533,153.776716472547
660,10K_Ref_1Year,Class,40,19,0.00161849329464059,308.92929964905
661,10K_Ref_1Year,GenSLO,0,0,0.0104094485533268,48.0332841301379
662,10K_Ref_1Year,GenSLO,20,0,0.00196135416862986,254.925911901615
663,10K_Ref_1Year,GenSLO,40,0,0.000953350076587145,524.466313350419
664,10K_Ref_1Year,GenSLO,0,1,0.0104094485533268,48.0332841301379
665,10K_Ref_1Year,GenSLO,20,1,0.00526283260444926,95.0058718526016
666,10K_Ref_1Year,GenSLO,40,1,0.0078474361708315,63.7150770156594
667,10K_Ref_1Year,GenSLO,0,2,0.0104094485533268,48.0332841301379
668,10K_Ref_1Year,GenSLO,20,2,0.00121430393194832,411.758528359338
669,10K_Ref_1Year,GenSLO,40,2,0.0024815706959318,201.485293495641
670,10K_Ref_1Year,GenSLO,0,3,0.0104094485533268,48.0332841301379
671,10K_Ref_1Year,GenSLO,20,3,0.000927637332234665,539.003749229785
672,10K_Ref_1Year,GenSLO,40,3,0.00145713436909178,343.139253733782
673,10K_Ref_1Year,GenSLO,0,4,0.0104094485533268,48.0332841301379
674,10K_Ref_1Year,GenSLO,20,4,0.00161968427155024,308.702139535774
675,10K_Ref_1Year,GenSLO,40,4,0.00154369073007454,323.899075286833
676,10K_Ref_1Year,GenSLO,0,5,0.0104094485533268,48.0332841301379
677,10K_Ref_1Year,GenSLO,20,5,0.00222183876110105,225.038832139296
678,10K_Ref_1Year,GenSLO,40,5,0.00309502699157127,161.549479652894
679,10K_Ref_1Year,GenSLO,0,6,0.0104094485533268,48.0332841301379
680,10K_Ref_1Year,GenSLO,20,6,0.0013720923281797,364.406964262624
681,10K_Ref_1Year,GenSLO,40,6,-0.000947120511514576,-527.915924025794
682,10K_Ref_1Year,GenSLO,0,7,0.0104094485533268,48.0332841301379
683,10K_Ref_1Year,GenSLO,20,7,0.00216911101336303,230.509179530092
684,10K_Ref_1Year,GenSLO,40,7,0.00146298360341846,341.767330017701
685,10K_Ref_1Year,GenSLO,0,8,0.0104094485533268,48.0332841301379
686,10K_Ref_1Year,GenSLO,20,8,0.00157286631391063,317.890971138448
687,10K_Ref_1Year,GenSLO,40,8,0.000882650698557419,566.475504768972
688,10K_Ref_1Year,GenSLO,0,9,0.0104094485533268,48.0332841301379
689,10K_Ref_1Year,GenSLO,20,9,0.00276490223869275,180.838220246225
690,10K_Ref_1Year,GenSLO,40,9,0.00119896653871765,417.02581669608
691,10K_Ref_1Year,GenSLO,0,10,0.0104094485533268,48.0332841301379
692,10K_Ref_1Year,GenSLO,20,10,0.0047530889858276,105.194748402746
693,10K_Ref_1Year,GenSLO,40,10,0.00137282958453699,364.211265281431
694,10K_Ref_1Year,GenSLO,0,11,0.0104094485533268,48.0332841301379
695,10K_Ref_1Year,GenSLO,20,11,0.00170342164684778,293.526855740774
696,10K_Ref_1Year,GenSLO,40,11,0.00164824518803164,303.352925663389
697,10K_Ref_1Year,GenSLO,0,12,0.0104094485533268,48.0332841301379
698,10K_Ref_1Year,GenSLO,20,12,0.00219110847592263,228.195000610118
699,10K_Ref_1Year,GenSLO,40,12,0.00142170443070699,351.690540734516
700,10K_Ref_1Year,GenSLO,0,13,0.0104094485533268,48.0332841301379
701,10K_Ref_1Year,GenSLO,20,13,0.00222117804610167,225.105772532525
702,10K_Ref_1Year,GenSLO,40,13,-0.00102302644976415,-488.745916701635
703,10K_Ref_1Year,GenSLO,0,14,0.0104094485533268,48.0332841301379
704,10K_Ref_1Year,GenSLO,20,14,0.00182055843878126,274.641005391025
705,10K_Ref_1Year,GenSLO,40,14,0.00108337650553414,461.520069381128
706,10K_Ref_1Year,GenSLO,0,15,0.0104094485533268,48.0332841301379
707,10K_Ref_1Year,GenSLO,20,15,0.00140905018810034,354.84896437514
708,10K_Ref_1Year,GenSLO,40,15,0.0011698729741525,427.396829439726
709,10K_Ref_1Year,GenSLO,0,16,0.0104094485533268,48.0332841301379
710,10K_Ref_1Year,GenSLO,20,16,0.00208547799410719,239.75318915511
711,10K_Ref_1Year,GenSLO,40,16,0.0013157498460763,380.011444797848
712,10K_Ref_1Year,GenSLO,0,17,0.0104094485533268,48.0332841301379
713,10K_Ref_1Year,GenSLO,20,17,0.00382636457298546,130.672336747536
714,10K_Ref_1Year,GenSLO,40,17,0.00127796025388638,391.248474652839
715,10K_Ref_1Year,GenSLO,0,18,0.0104094485533268,48.0332841301379
716,10K_Ref_1Year,GenSLO,20,18,0.00222823504141334,224.392844878185
717,10K_Ref_1Year,GenSLO,40,18,0.00333125056668704,150.093783097576
718,10K_Ref_1Year,GenSLO,0,19,0.0104094485533268,48.0332841301379
719,10K_Ref_1Year,GenSLO,20,19,0.00325146752687533,153.776716472547
720,10K_Ref_1Year,GenSLO,40,19,0.00505368478776858,98.937710007191
721,10K_Ref_1Year,OtherCowsGen,0,0,0.0104094485533268,48.0332841301379
722,10K_Ref_1Year,OtherCowsGen,20,0,0.00196135416862986,254.925911901615
723,10K_Ref_1Year,OtherCowsGen,40,0,0.00146250911476209,341.87821118731
724,10K_Ref_1Year,OtherCowsGen,0,1,0.0104094485533268,48.0332841301379
725,10K_Ref_1Year,OtherCowsGen,20,1,0.00526283260444926,95.0058718526016
726,10K_Ref_1Year,OtherCowsGen,40,1,0.0018715717890353,267.155127540005
727,10K_Ref_1Year,OtherCowsGen,0,2,0.0104094485533268,48.0332841301379
728,10K_Ref_1Year,OtherCowsGen,20,2,0.00121430393194832,411.758528359338
729,10K_Ref_1Year,OtherCowsGen,40,2,0.00104101267593282,480.301548251529
730,10K_Ref_1Year,OtherCowsGen,0,3,0.0104094485533268,48.0332841301379
731,10K_Ref_1Year,OtherCowsGen,20,3,0.000927637332234665,539.003749229785
732,10K_Ref_1Year,OtherCowsGen,40,3,0.00156390875667201,319.711746524138
733,10K_Ref_1Year,OtherCowsGen,0,4,0.0104094485533268,48.0332841301379
734,10K_Ref_1Year,OtherCowsGen,20,4,0.00161968427155024,308.702139535774
735,10K_Ref_1Year,OtherCowsGen,40,4,0.00181140065936047,276.029489895697
736,10K_Ref_1Year,OtherCowsGen,0,5,0.0104094485533268,48.0332841301379
737,10K_Ref_1Year,OtherCowsGen,20,5,0.00222183876110105,225.038832139296
738,10K_Ref_1Year,OtherCowsGen,40,5,0.00194203346773925,257.462092340797
739,10K_Ref_1Year,OtherCowsGen,0,6,0.0104094485533268,48.0332841301379
740,10K_Ref_1Year,OtherCowsGen,20,6,0.0013720923281797,364.406964262624
741,10K_Ref_1Year,OtherCowsGen,40,6,0.00113137984574263,441.93822426791
742,10K_Ref_1Year,OtherCowsGen,0,7,0.0104094485533268,48.0332841301379
743,10K_Ref_1Year,OtherCowsGen,20,7,0.00216911101336303,230.509179530092
744,10K_Ref_1Year,OtherCowsGen,40,7,0.00143979486725831,347.271692218288
745,10K_Ref_1Year,OtherCowsGen,0,8,0.0104094485533268,48.0332841301379
746,10K_Ref_1Year,OtherCowsGen,20,8,0.00157286631391063,317.890971138448
747,10K_Ref_1Year,OtherCowsGen,40,8,0.00171526509348696,291.500131319964
748,10K_Ref_1Year,OtherCowsGen,0,9,0.0104094485533268,48.0332841301379
749,10K_Ref_1Year,OtherCowsGen,20,9,0.00276490223869275,180.838220246225
750,10K_Ref_1Year,OtherCowsGen,40,9,0.00158979610712995,314.505739294234
751,10K_Ref_1Year,OtherCowsGen,0,10,0.0104094485533268,48.0332841301379
752,10K_Ref_1Year,OtherCowsGen,20,10,0.0047530889858276,105.194748402746
753,10K_Ref_1Year,OtherCowsGen,40,10,0.00140934408731153,354.77496553294
754,10K_Ref_1Year,OtherCowsGen,0,11,0.0104094485533268,48.0332841301379
755,10K_Ref_1Year,OtherCowsGen,20,11,0.00170342164684778,293.526855740774
756,10K_Ref_1Year,OtherCowsGen,40,11,0.00159720171440236,313.047497690102
757,10K_Ref_1Year,OtherCowsGen,0,12,0.0104094485533268,48.0332841301379
758,10K_Ref_1Year,OtherCowsGen,20,12,0.00219110847592263,228.195000610118
759,10K_Ref_1Year,OtherCowsGen,40,12,0.00141562918375693,353.199839150712
760,10K_Ref_1Year,OtherCowsGen,0,13,0.0104094485533268,48.0332841301379
761,10K_Ref_1Year,OtherCowsGen,20,13,0.00222117804610167,225.105772532525
762,10K_Ref_1Year,OtherCowsGen,40,13,0.00162147504359744,308.361206035394
763,10K_Ref_1Year,OtherCowsGen,0,14,0.0104094485533268,48.0332841301379
764,10K_Ref_1Year,OtherCowsGen,20,14,0.00182055843878126,274.641005391025
765,10K_Ref_1Year,OtherCowsGen,40,14,0.00125178875258569,399.428417108878
766,10K_Ref_1Year,OtherCowsGen,0,15,0.0104094485533268,48.0332841301379
767,10K_Ref_1Year,OtherCowsGen,20,15,0.00140905018810034,354.84896437514
768,10K_Ref_1Year,OtherCowsGen,40,15,0.0017416390300421,287.085895168481
769,10K_Ref_1Year,OtherCowsGen,0,16,0.0104094485533268,48.0332841301379
770,10K_Ref_1Year,OtherCowsGen,20,16,0.00208547799410719,239.75318915511
771,10K_Ref_1Year,OtherCowsGen,40,16,0.00145963571964813,342.55122238344
772,10K_Ref_1Year,OtherCowsGen,0,17,0.0104094485533268,48.0332841301379
773,10K_Ref_1Year,OtherCowsGen,20,17,0.00382636457298546,130.672336747536
774,10K_Ref_1Year,OtherCowsGen,40,17,0.00186149811327441,268.600863162032
775,10K_Ref_1Year,OtherCowsGen,0,18,0.0104094485533268,48.0332841301379
776,10K_Ref_1Year,OtherCowsGen,20,18,0.00222823504141334,224.392844878185
777,10K_Ref_1Year,OtherCowsGen,40,18,0.00210945821014841,237.027686822401
778,10K_Ref_1Year,OtherCowsGen,0,19,0.0104094485533268,48.0332841301379
779,10K_Ref_1Year,OtherCowsGen,20,19,0.00325146752687533,153.776716472547
780,10K_Ref_1Year,OtherCowsGen,40,19,0.00153604136448149,325.512067293046
781,10K_Ref_1Year,BmGen,0,0,0.0104094485533268,48.0332841301379
782,10K_Ref_1Year,BmGen,20,0,0.00196135416862986,254.925911901615
783,10K_Ref_1Year,BmGen,40,0,0.00136204848667787,367.094126890838
784,10K_Ref_1Year,BmGen,0,1,0.0104094485533268,48.0332841301379
785,10K_Ref_1Year,BmGen,20,1,0.00526283260444926,95.0058718526016
786,10K_Ref_1Year,BmGen,40,1,0.00228994658709358,218.345704139154
787,10K_Ref_1Year,BmGen,0,2,0.0104094485533268,48.0332841301379
788,10K_Ref_1Year,BmGen,20,2,0.00121430393194832,411.758528359338
789,10K_Ref_1Year,BmGen,40,2,0.00217298424629941,230.098308743608
790,10K_Ref_1Year,BmGen,0,3,0.0104094485533268,48.0332841301379
791,10K_Ref_1Year,BmGen,20,3,0.000927637332234665,539.003749229785
792,10K_Ref_1Year,BmGen,40,3,0.00173796375941904,287.692995489813
793,10K_Ref_1Year,BmGen,0,4,0.0104094485533268,48.0332841301379
794,10K_Ref_1Year,BmGen,20,4,0.00161968427155024,308.702139535774
795,10K_Ref_1Year,BmGen,40,4,-0.00271545537426099,-184.13117915299
796,10K_Ref_1Year,BmGen,0,5,0.0104094485533268,48.0332841301379
797,10K_Ref_1Year,BmGen,20,5,0.00222183876110105,225.038832139296
798,10K_Ref_1Year,BmGen,40,5,0.00344320984533975,145.213339429989
799,10K_Ref_1Year,BmGen,0,6,0.0104094485533268,48.0332841301379
800,10K_Ref_1Year,BmGen,20,6,0.0013720923281797,364.406964262624
801,10K_Ref_1Year,BmGen,40,6,0.00178609997384427,279.939537160306
802,10K_Ref_1Year,BmGen,0,7,0.0104094485533268,48.0332841301379
803,10K_Ref_1Year,BmGen,20,7,0.00216911101336303,230.509179530092
804,10K_Ref_1Year,BmGen,40,7,0.00166964366656719,299.465095464356
805,10K_Ref_1Year,BmGen,0,8,0.0104094485533268,48.0332841301379
806,10K_Ref_1Year,BmGen,20,8,0.00157286631391063,317.890971138448
807,10K_Ref_1Year,BmGen,40,8,0.0022773570237582,219.552751186495
808,10K_Ref_1Year,BmGen,0,9,0.0104094485533268,48.0332841301379
809,10K_Ref_1Year,BmGen,20,9,0.00276490223869275,180.838220246225
810,10K_Ref_1Year,BmGen,40,9,0.00188891391791979,264.702374870866
811,10K_Ref_1Year,BmGen,0,10,0.0104094485533268,48.0332841301379
812,10K_Ref_1Year,BmGen,20,10,0.0047530889858276,105.194748402746
813,10K_Ref_1Year,BmGen,40,10,0.00197648262561345,252.974649774527
814,10K_Ref_1Year,BmGen,0,11,0.0104094485533268,48.0332841301379
815,10K_Ref_1Year,BmGen,20,11,0.00170342164684778,293.526855740774
816,10K_Ref_1Year,BmGen,40,11,0.00281293153755591,177.750504526832
817,10K_Ref_1Year,BmGen,0,12,0.0104094485533268,48.0332841301379
818,10K_Ref_1Year,BmGen,20,12,0.00219110847592263,228.195000610118
819,10K_Ref_1Year,BmGen,40,12,0.00209555976182207,238.599733164018
820,10K_Ref_1Year,BmGen,0,13,0.0104094485533268,48.0332841301379
821,10K_Ref_1Year,BmGen,20,13,0.00222117804610167,225.105772532525
822,10K_Ref_1Year,BmGen,40,13,0.00218956257298131,228.356113759837
823,10K_Ref_1Year,BmGen,0,14,0.0104094485533268,48.0332841301379
824,10K_Ref_1Year,BmGen,20,14,0.00182055843878126,274.641005391025
825,10K_Ref_1Year,BmGen,40,14,0.000604466190572528,827.176122996091
826,10K_Ref_1Year,BmGen,0,15,0.0104094485533268,48.0332841301379
827,10K_Ref_1Year,BmGen,20,15,0.00140905018810034,354.84896437514
828,10K_Ref_1Year,BmGen,40,15,0.0020200630463254,247.517027208396
829,10K_Ref_1Year,BmGen,0,16,0.0104094485533268,48.0332841301379
830,10K_Ref_1Year,BmGen,20,16,0.00208547799410719,239.75318915511
831,10K_Ref_1Year,BmGen,40,16,0.00166606768130595,300.107856127474
832,10K_Ref_1Year,BmGen,0,17,0.0104094485533268,48.0332841301379
833,10K_Ref_1Year,BmGen,20,17,0.00382636457298546,130.672336747536
834,10K_Ref_1Year,BmGen,40,17,0.00178556306520494,280.023713383997
835,10K_Ref_1Year,BmGen,0,18,0.0104094485533268,48.0332841301379
836,10K_Ref_1Year,BmGen,20,18,0.00222823504141334,224.392844878185
837,10K_Ref_1Year,BmGen,40,18,0.00288034919642188,173.590063531577
838,10K_Ref_1Year,BmGen,0,19,0.0104094485533268,48.0332841301379
839,10K_Ref_1Year,BmGen,20,19,0.00325146752687533,153.776716472547
840,10K_Ref_1Year,BmGen,40,19,0.00191475059132229,261.130615269694
841,10K_Ref_1Year,Gen,0,0,0.0104094485533268,48.0332841301379
842,10K_Ref_1Year,Gen,20,0,0.00196135416862986,254.925911901615
843,10K_Ref_1Year,Gen,40,0,0.00295061638612293,169.456118508511
844,10K_Ref_1Year,Gen,0,1,0.0104094485533268,48.0332841301379
845,10K_Ref_1Year,Gen,20,1,0.00526283260444926,95.0058718526016
846,10K_Ref_1Year,Gen,40,1,0.00354390113051783,141.087457461586
847,10K_Ref_1Year,Gen,0,2,0.0104094485533268,48.0332841301379
848,10K_Ref_1Year,Gen,20,2,0.00121430393194832,411.758528359338
849,10K_Ref_1Year,Gen,40,2,0.0029037400411599,172.191722713675
850,10K_Ref_1Year,Gen,0,3,0.0104094485533268,48.0332841301379
851,10K_Ref_1Year,Gen,20,3,0.000927637332234665,539.003749229785
852,10K_Ref_1Year,Gen,40,3,0.000338704413112345,1476.21341985336
853,10K_Ref_1Year,Gen,0,4,0.0104094485533268,48.0332841301379
854,10K_Ref_1Year,Gen,20,4,0.00161968427155024,308.702139535774
855,10K_Ref_1Year,Gen,40,4,0.00162322999697795,308.027821646271
856,10K_Ref_1Year,Gen,0,5,0.0104094485533268,48.0332841301379
857,10K_Ref_1Year,Gen,20,5,0.00222183876110105,225.038832139296
858,10K_Ref_1Year,Gen,40,5,0.00298159725468017,167.695351615701
859,10K_Ref_1Year,Gen,0,6,0.0104094485533268,48.0332841301379
860,10K_Ref_1Year,Gen,20,6,0.0013720923281797,364.406964262624
861,10K_Ref_1Year,Gen,40,6,0.00268259623859957,186.386602950365
862,10K_Ref_1Year,Gen,0,7,0.0104094485533268,48.0332841301379
863,10K_Ref_1Year,Gen,20,7,0.00216911101336303,230.509179530092
864,10K_Ref_1Year,Gen,40,7,0.00242252070496185,206.396584754009
865,10K_Ref_1Year,Gen,0,8,0.0104094485533268,48.0332841301379
866,10K_Ref_1Year,Gen,20,8,0.00157286631391063,317.890971138448
867,10K_Ref_1Year,Gen,40,8,0.00309269909244836,161.671079226842
868,10K_Ref_1Year,Gen,0,9,0.0104094485533268,48.0332841301379
869,10K_Ref_1Year,Gen,20,9,0.00276490223869275,180.838220246225
870,10K_Ref_1Year,Gen,40,9,0.0034423201162217,145.250872411251
871,10K_Ref_1Year,Gen,0,10,0.0104094485533268,48.0332841301379
872,10K_Ref_1Year,Gen,20,10,0.0047530889858276,105.194748402746
873,10K_Ref_1Year,Gen,40,10,0.00266870337208303,187.356903442487
874,10K_Ref_1Year,Gen,0,11,0.0104094485533268,48.0332841301379
875,10K_Ref_1Year,Gen,20,11,0.00170342164684778,293.526855740774
876,10K_Ref_1Year,Gen,40,11,0.00270542937305962,184.813547520016
877,10K_Ref_1Year,Gen,0,12,0.0104094485533268,48.0332841301379
878,10K_Ref_1Year,Gen,20,12,0.00219110847592263,228.195000610118
879,10K_Ref_1Year,Gen,40,12,0.00275337250440522,181.595479434778
880,10K_Ref_1Year,Gen,0,13,0.0104094485533268,48.0332841301379
881,10K_Ref_1Year,Gen,20,13,0.00222117804610167,225.105772532525
882,10K_Ref_1Year,Gen,40,13,0.00300816794715641,166.21412393967
883,10K_Ref_1Year,Gen,0,14,0.0104094485533268,48.0332841301379
884,10K_Ref_1Year,Gen,20,14,0.00182055843878126,274.641005391025
885,10K_Ref_1Year,Gen,40,14,0.00257973858631888,193.818087868146
886,10K_Ref_1Year,Gen,0,15,0.0104094485533268,48.0332841301379
887,10K_Ref_1Year,Gen,20,15,0.00140905018810034,354.84896437514
888,10K_Ref_1Year,Gen,40,15,0.00253225056402462,197.452814150164
889,10K_Ref_1Year,Gen,0,16,0.0104094485533268,48.0332841301379
890,10K_Ref_1Year,Gen,20,16,0.00208547799410719,239.75318915511
891,10K_Ref_1Year,Gen,40,16,0.00293749836934798,170.212860445258
892,10K_Ref_1Year,Gen,0,17,0.0104094485533268,48.0332841301379
893,10K_Ref_1Year,Gen,20,17,0.00382636457298546,130.672336747536
894,10K_Ref_1Year,Gen,40,17,0.00296248224303075,168.77738294508
895,10K_Ref_1Year,Gen,0,18,0.0104094485533268,48.0332841301379
896,10K_Ref_1Year,Gen,20,18,0.00222823504141334,224.392844878185
897,10K_Ref_1Year,Gen,40,18,0.00318026123437209,157.21978892678
898,10K_Ref_1Year,Gen,0,19,0.0104094485533268,48.0332841301379
899,10K_Ref_1Year,Gen,20,19,0.00325146752687533,153.776716472547
900,10K_Ref_1Year,Gen,40,19,0.00250514218934461,199.589469263143
