IID,Chip,GEN_DATUM,F_MISS
SI04066239,GGPv04,03.11.2017,0.009007
SI14720369,GGPv04,03.11.2017,0.008442
SI03943032,IDBv03,03.11.2017,0.02087
SI03970225,IDBv03,03.11.2017,0.005989
SI04066239,IDBv03,03.11.2017,0.004215
SI04084125,IDBv03,03.11.2017,0.004845
SI04308056,IDBv03,03.11.2017,0.0066
SI04574255,IDBv03,03.11.2017,0.00866
SI04602161,IDBv03,03.11.2017,0.008011
SI04619002,IDBv03,03.11.2017,0.005532
SI04666169,IDBv03,03.11.2017,0.007935
SI04731092,IDBv03,03.11.2017,0.008755
SI04739526,IDBv03,03.11.2017,0.01606
SI04777221,IDBv03,03.11.2017,0.02388
SI04791371,IDBv03,03.11.2017,0.02722
SI13511072,IDBv03,03.11.2017,0.01003
SI13762106,IDBv03,03.11.2017,0.01082
SI13802006,IDBv03,03.11.2017,0.01041
SI13858368,IDBv03,03.11.2017,0.01103
SI14303957,IDBv03,03.11.2017,0.005932
SI14529649,IDBv03,03.11.2017,0.01196
SI14576029,IDBv03,03.11.2017,0.03924
SI14639982,IDBv03,03.11.2017,0.00948
SI14645808,IDBv03,03.11.2017,0.02327
SI14661857,IDBv03,03.11.2017,0.1305
SI14666632,IDBv03,03.11.2017,0.008412
SI14707911,IDBv03,03.11.2017,0.03287
SI14720369,IDBv03,03.11.2017,0.007859
SI14769766,IDBv03,03.11.2017,0.005036
SI14777189,IDBv03,03.11.2017,0.01579
SI14778960,IDBv03,03.11.2017,0.01234
SI23160493,IDBv03,03.11.2017,0.008374
SI23483086,IDBv03,03.11.2017,0.006638
SI23514012,IDBv03,03.11.2017,0.02806
SI23821909,IDBv03,03.11.2017,0.008793
SI23898150,IDBv03,03.11.2017,0.01764
SI23973130,IDBv03,03.11.2017,0.02422
SI24077907,IDBv03,03.11.2017,0.01015
SI24105710,IDBv03,03.11.2017,0.006886
SI24205401,IDBv03,03.11.2017,0.006123
SI24507521,IDBv03,03.11.2017,0.009213
SI24510860,IDBv03,03.11.2017,0.01093
SI24595128,IDBv03,03.11.2017,0.008355
SI24603122,IDBv03,03.11.2017,0.01564
SI24639895,IDBv03,03.11.2017,0.01856
SI24656546,IDBv03,03.11.2017,0.007248
SI24717005,IDBv03,03.11.2017,0.01003
SI24720186,IDBv03,03.11.2017,0.01637
SI24750475,IDBv03,03.11.2017,0.02237
SI24777315,IDBv03,03.11.2017,0.00557
SI33287205,IDBv03,03.11.2017,0.009499
SI33317182,IDBv03,03.11.2017,0.008049
SI33407465,IDBv03,03.11.2017,0.005875
SI33725792,IDBv03,03.11.2017,0.005455
SI33807377,IDBv03,03.11.2017,0.1546
SI33829243,IDBv03,03.11.2017,0.02989
SI34346569,IDBv03,03.11.2017,0.02726
SI34709382,IDBv03,03.11.2017,0.04038
SI34732681,IDBv03,03.11.2017,0.005245
SI34742831,IDBv03,03.11.2017,0.02087
SI34777352,IDBv03,03.11.2017,0.007267
SI34778951,IDBv03,03.11.2017,0.05368
SI34791309,IDBv03,03.11.2017,0.00742
SI34814613,IDBv03,03.11.2017,0.007592
SI43739952,IDBv03,03.11.2017,0.006409
SI44174710,IDBv03,03.11.2017,0.04652
SI44208581,IDBv03,03.11.2017,0.004158
SI44452986,IDBv03,03.11.2017,0.1401
SI44646026,IDBv03,03.11.2017,0.02922
SI44732439,IDBv03,03.11.2017,0.007592
SI44790534,IDBv03,03.11.2017,0.01143
SI53091611,IDBv03,03.11.2017,0.01099
SI53651129,IDBv03,03.11.2017,0.007096
SI53724342,IDBv03,03.11.2017,0.01797
SI53725941,IDBv03,03.11.2017,0.00824
SI53870663,IDBv03,03.11.2017,0.005226
SI54038521,IDBv03,03.11.2017,0.006771
SI54048719,IDBv03,03.11.2017,0.00866
SI54048726,IDBv03,03.11.2017,0.01299
SI54205697,IDBv03,03.11.2017,0.006886
SI54223301,IDBv03,03.11.2017,0.05493
SI54333826,IDBv03,03.11.2017,0.03193
SI54620526,IDBv03,03.11.2017,0.005684
SI54662548,IDBv03,03.11.2017,0.005646
SI54666872,IDBv03,03.11.2017,0.008965
SI54773851,IDBv03,03.11.2017,0.03111
SI63541500,IDBv03,03.11.2017,0.00515
SI63700057,IDBv03,03.11.2017,0.01574
SI63745979,IDBv03,03.11.2017,0.005417
SI63756058,IDBv03,03.11.2017,0.01537
SI63781139,IDBv03,03.11.2017,0.008584
SI63826553,IDBv03,03.11.2017,0.01236
SI63827949,IDBv03,03.11.2017,0.0111
SI63900570,IDBv03,03.11.2017,0.00948
SI63900666,IDBv03,03.11.2017,0.004387
SI64174347,IDBv03,03.11.2017,0.007763
SI64345802,IDBv03,03.11.2017,0.006199
SI64399382,IDBv03,03.11.2017,0.005532
SI64584502,IDBv03,03.11.2017,0.007515
SI64616429,IDBv03,03.11.2017,0.006333
SI64639224,IDBv03,03.11.2017,0.007382
SI64722115,IDBv03,03.11.2017,0.006028
SI64739025,IDBv03,03.11.2017,0.00681
SI64795142,IDBv03,03.11.2017,0.01198
SI73749680,IDBv03,03.11.2017,0.009442
SI73791443,IDBv03,03.11.2017,0.01963
SI73868055,IDBv03,03.11.2017,0.00578
SI73979227,IDBv03,03.11.2017,0.01247
SI74059339,IDBv03,03.11.2017,0.007363
SI74086429,IDBv03,03.11.2017,0.01642
SI74208540,IDBv03,03.11.2017,0.006504
SI74468658,IDBv03,03.11.2017,0.01984
SI74639209,IDBv03,03.11.2017,0.00473
SI74820968,IDBv03,03.11.2017,0.006028
SI82899891,IDBv03,03.11.2017,0.009499
SI83420708,IDBv03,03.11.2017,0.01404
SI83484713,IDBv03,03.11.2017,0.01759
SI83988107,IDBv03,03.11.2017,0.006085
SI84065807,IDBv03,03.11.2017,0.007954
SI84373489,IDBv03,03.11.2017,0.007763
SI84537993,IDBv03,03.11.2017,0.01225
SI84600972,IDBv03,03.11.2017,0.01036
SI84646596,IDBv03,03.11.2017,0.06665
SI84654122,IDBv03,03.11.2017,0.01173
SI84664664,IDBv03,03.11.2017,0.322
SI84738792,IDBv03,03.11.2017,0.03311
SI84740250,IDBv03,03.11.2017,0.005551
SI84740700,IDBv03,03.11.2017,0.005188
SI84779799,IDBv03,03.11.2017,0.03683
SI93165288,IDBv03,03.11.2017,0.0168
SI93731155,IDBv03,03.11.2017,0.01989
SI93907653,IDBv03,03.11.2017,0.007763
SI93960887,IDBv03,03.11.2017,0.1159
SI94190575,IDBv03,03.11.2017,0.01019
SI94208627,IDBv03,03.11.2017,0.01404
SI94603936,IDBv03,03.11.2017,0.007592
SI94604401,IDBv03,03.11.2017,0.00681
SI94616426,IDBv03,03.11.2017,0.005131
SI94667037,IDBv03,03.11.2017,0.007267
SI94732290,IDBv03,03.11.2017,0.004063
SI94738526,IDBv03,03.11.2017,0.01974
SI94750193,IDBv03,03.11.2017,0.0128
SI03320709,IDBv03,12.1.2018,0.007821
SI03948862,IDBv03,12.1.2018,0.09738
SI04036964,IDBv03,12.1.2018,0.01347
SI14147087,IDBv03,12.1.2018,0.007134
SI14223910,IDBv03,12.1.2018,0.01629
SI14276695,IDBv03,12.1.2018,0.00927
SI14526110,IDBv03,12.1.2018,0.0145
SI14527953,IDBv03,12.1.2018,0.01776
SI14576160,IDBv03,12.1.2018,0.01154
SI23270011,IDBv03,12.1.2018,0.006657
SI24587585,IDBv03,12.1.2018,0.06716
SI24708320,IDBv03,12.1.2018,0.01192
SI33762331,IDBv03,12.1.2018,0.01095
SI33994183,IDBv03,12.1.2018,0.01783
SI34519246,IDBv03,12.1.2018,0.007592
SI34587591,IDBv03,12.1.2018,0.01827
SI34769544,IDBv03,12.1.2018,0.01354
SI43995451,IDBv03,12.1.2018,0.01507
SI44045889,IDBv03,12.1.2018,0.006771
SI44077905,IDBv03,12.1.2018,0.01118
SI44114204,IDBv03,12.1.2018,0.02916
SI44664936,IDBv03,12.1.2018,0.01442
SI44710374,IDBv03,12.1.2018,0.009614
SI44734723,IDBv03,12.1.2018,0.01274
SI53595706,IDBv03,12.1.2018,0.01059
SI54560855,IDBv03,12.1.2018,0.01066
SI54576159,IDBv03,12.1.2018,0.0112
SI54709359,IDBv03,12.1.2018,0.03206
SI54750836,IDBv03,12.1.2018,0.009099
SI54756595,IDBv03,12.1.2018,0.01278
SI64114202,IDBv03,12.1.2018,0.01692
SI73980801,IDBv03,12.1.2018,0.01087
SI74333013,IDBv03,12.1.2018,0.09625
SI74599457,IDBv03,12.1.2018,0.01318
SI74770667,IDBv03,12.1.2018,0.2302
SI83482694,IDBv03,12.1.2018,0.01335
SI84701640,IDBv03,12.1.2018,0.009785
SI94191277,IDBv03,12.1.2018,0.06382
SI94814332,IDBv03,12.1.2018,0.01869
SI04931931,IDBv03,15.2.2018,0.006256
SI14931930,IDBv03,15.2.2018,0.01207
SI15036148,IDBv03,15.2.2018,0.1419
SI34951462,IDBv03,15.2.2018,0.0119
SI45094707,IDBv03,15.2.2018,0.005417
SI54931929,IDBv03,15.2.2018,0.01133
SI55035882,IDBv03,15.2.2018,0.01494
SI64941697,IDBv03,15.2.2018,0.023
SI84931933,IDBv03,15.2.2018,0.06655
SI84941695,IDBv03,15.2.2018,0.0824
SI85026654,IDBv03,15.2.2018,0.03617
SI85036127,IDBv03,15.2.2018,0.03498
SI95095002,IDBv03,15.2.2018,0.01793
SI14676734,IDBv03,19.4.2018,0.1716
SI14951392,IDBv03,19.4.2018,0.02987
SI15061126,IDBv03,19.4.2018,0.05814
SI24676719,IDBv03,19.4.2018,0.0306
SI24951463,IDBv03,19.4.2018,0.03349
SI25094709,IDBv03,19.4.2018,0.01095
SI34951400,IDBv03,19.4.2018,0.01261
SI35094708,IDBv03,19.4.2018,0.006485
SI44951399,IDBv03,19.4.2018,0.01909
SI44965134,IDBv03,19.4.2018,0.03853
SI54676730,IDBv03,19.4.2018,0.02901
SI55036034,IDBv03,19.4.2018,0.02625
SI55094706,IDBv03,19.4.2018,0.01162
SI74951396,IDBv03,19.4.2018,0.04782
SI75094711,IDBv03,19.4.2018,0.02277
SI85094710,IDBv03,19.4.2018,0.01484
SI94951387,IDBv03,19.4.2018,0.0309
SI95002620,IDBv03,19.4.2018,0.01164
SI04751777,GGPv04,18.9.2016,0.008309
SI04752211,GGPv04,18.9.2016,0.008775
SI14752210,GGPv04,18.9.2016,0.008143
SI14818808,GGPv04,18.9.2016,0.01353
SI24097266,GGPv04,18.9.2016,0.02217
SI24280903,GGPv04,18.9.2016,0.008941
SI24365684,GGPv04,18.9.2016,0.009107
SI24407500,GGPv04,18.9.2016,0.008475
SI24527907,GGPv04,18.9.2016,0.008575
SI24752202,GGPv04,18.9.2016,0.008376
SI24818807,GGPv04,18.9.2016,0.009971
SI34527913,GGPv04,18.9.2016,0.009738
SI34751774,GGPv04,18.9.2016,0.008608
SI44222600,GGPv04,18.9.2016,0.008908
SI44527888,GGPv04,18.9.2016,0.008509
SI44751773,GGPv04,18.9.2016,0.008808
SI44751780,GGPv04,18.9.2016,0.008309
SI44752190,GGPv04,18.9.2016,0.008575
SI54294082,GGPv04,18.9.2016,0.008874
SI54527911,GGPv04,18.9.2016,0.008808
SI54650877,GGPv04,18.9.2016,0.009705
SI54752199,GGPv04,18.9.2016,0.008841
SI64216294,GGPv04,18.9.2016,0.009173
SI64610265,GGPv04,18.9.2016,0.008642
SI64610272,GGPv04,18.9.2016,0.00914
SI74216279,GGPv04,18.9.2016,0.008608
SI74217050,GGPv04,18.9.2016,0.008575
SI74283004,GGPv04,18.9.2016,0.008409
SI74352852,GGPv04,18.9.2016,0.009439
SI74594586,GGPv04,18.9.2016,0.008442
SI74735109,GGPv04,18.9.2016,0.008874
SI74752207,GGPv04,18.9.2016,0.008276
SI84216278,GGPv04,18.9.2016,0.008874
SI84216285,GGPv04,18.9.2016,0.008509
SI84217042,GGPv04,18.9.2016,0.008509
SI84294089,GGPv04,18.9.2016,0.008675
SI84650874,GGPv04,18.9.2016,0.008608
SI84735108,GGPv04,18.9.2016,0.008442
SI94231414,GGPv04,18.9.2016,0.008808
SI94527900,GGPv04,18.9.2016,0.008741
SI94527917,GGPv04,18.9.2016,0.008575
SI04066239,GGPv04,26.9.2016,0.009007
SI04270016,GGPv04,26.9.2016,0.008542
SI04648510,GGPv04,26.9.2016,0.008376
SI04676663,GGPv04,26.9.2016,0.008575
SI14057034,GGPv04,26.9.2016,0.008941
SI14191024,GGPv04,26.9.2016,0.008808
SI14218758,GGPv04,26.9.2016,0.008675
SI14235368,GGPv04,26.9.2016,0.008542
SI14365692,GGPv04,26.9.2016,0.02676
SI14640597,GGPv04,26.9.2016,0.008841
SI14720369,GGPv04,26.9.2016,0.008442
SI23962192,GGPv04,26.9.2016,0.008509
SI24289407,GGPv04,26.9.2016,0.008143
SI24349745,GGPv04,26.9.2016,0.00821
SI33987558,GGPv04,26.9.2016,0.008941
SI34048814,GGPv04,26.9.2016,0.1156
SI34289406,GGPv04,26.9.2016,0.008475
SI34648517,GGPv04,26.9.2016,0.008874
SI34758403,GGPv04,26.9.2016,0.008542
SI44289412,GGPv04,26.9.2016,0.008376
SI44417404,GGPv04,26.9.2016,0.008309
SI44565411,GGPv04,26.9.2016,0.008442
SI44651192,GGPv04,26.9.2016,0.008675
SI54234174,GGPv04,26.9.2016,0.008575
SI54234181,GGPv04,26.9.2016,0.008974
SI54289404,GGPv04,26.9.2016,0.008542
SI54565410,GGPv04,26.9.2016,0.008874
SI54651191,GGPv04,26.9.2016,0.009639
SI54732366,GGPv04,26.9.2016,0.008675
SI54758432,GGPv04,26.9.2016,0.02094
SI63960110,GGPv04,26.9.2016,0.008542
SI64048811,GGPv04,26.9.2016,0.009738
SI64648507,GGPv04,26.9.2016,0.008309
SI64648514,GGPv04,26.9.2016,0.008775
SI64651200,GGPv04,26.9.2016,0.008575
SI64662671,GGPv04,26.9.2016,0.008908
SI64732365,GGPv04,26.9.2016,0.0112
SI64791643,GGPv04,26.9.2016,0.008542
SI74205767,GGPv04,26.9.2016,0.0569
SI74209699,GGPv04,26.9.2016,0.008276
SI74289426,GGPv04,26.9.2016,0.00914
SI83798717,GGPv04,26.9.2016,0.008475
SI84290700,GGPv04,26.9.2016,0.008708
SI84528524,GGPv04,26.9.2016,0.008442
SI84594578,GGPv04,26.9.2016,0.01944
SI84648505,GGPv04,26.9.2016,0.008841
SI94283985,GGPv04,26.9.2016,0.008342
SI94415658,GGPv04,26.9.2016,0.009605
SI94577503,GGPv04,26.9.2016,0.008509
SI94648504,GGPv04,26.9.2016,0.009805
SI94666658,GGPv04,26.9.2016,0.01948
SI04066239,IDBv03,26.9.2016,0.004215
SI14720369,IDBv03,26.9.2016,0.007859
SI04751801,GGPv04,6.11.2016,0.009373
SI14751790,GGPv04,6.11.2016,0.008176
SI14751800,GGPv04,6.11.2016,0.008908
SI84751810,GGPv04,6.11.2016,0.008342
SI04941693,IDBv03,23.2.2018,0.05358
SI74941696,IDBv03,23.2.2018,0.1448
SI94931932,IDBv03,23.2.2018,0.0325
SI94941694,IDBv03,23.2.2018,0.2729
SI04066239,GGPv04,24.1.2017,0.009007
SI04270016,GGPv04,24.1.2017,0.008542
SI04648510,GGPv04,24.1.2017,0.008376
SI04676663,GGPv04,24.1.2017,0.008575
SI04751777,GGPv04,24.1.2017,0.008309
SI04751801,GGPv04,24.1.2017,0.009373
SI04752211,GGPv04,24.1.2017,0.008775
SI14057034,GGPv04,24.1.2017,0.008941
SI14191024,GGPv04,24.1.2017,0.008808
SI14218758,GGPv04,24.1.2017,0.008675
SI14235368,GGPv04,24.1.2017,0.008542
SI14365692,GGPv04,24.1.2017,0.02676
SI14640597,GGPv04,24.1.2017,0.008841
SI14720369,GGPv04,24.1.2017,0.008442
SI14751790,GGPv04,24.1.2017,0.008176
SI14751800,GGPv04,24.1.2017,0.008908
SI14752210,GGPv04,24.1.2017,0.008143
SI14818808,GGPv04,24.1.2017,0.01353
SI23962192,GGPv04,24.1.2017,0.008509
SI24097266,GGPv04,24.1.2017,0.02217
SI24280903,GGPv04,24.1.2017,0.008941
SI24289407,GGPv04,24.1.2017,0.008143
SI24349745,GGPv04,24.1.2017,0.00821
SI24365684,GGPv04,24.1.2017,0.009107
SI24407500,GGPv04,24.1.2017,0.008475
SI24527907,GGPv04,24.1.2017,0.008575
SI24752202,GGPv04,24.1.2017,0.008376
SI24818807,GGPv04,24.1.2017,0.009971
SI33987558,GGPv04,24.1.2017,0.008941
SI34048814,GGPv04,24.1.2017,0.1156
SI34289406,GGPv04,24.1.2017,0.008475
SI34527913,GGPv04,24.1.2017,0.009738
SI34648517,GGPv04,24.1.2017,0.008874
SI34751774,GGPv04,24.1.2017,0.008608
SI34758403,GGPv04,24.1.2017,0.008542
SI44222600,GGPv04,24.1.2017,0.008908
SI44289412,GGPv04,24.1.2017,0.008376
SI44417404,GGPv04,24.1.2017,0.008309
SI44527888,GGPv04,24.1.2017,0.008509
SI44565411,GGPv04,24.1.2017,0.008442
SI44651192,GGPv04,24.1.2017,0.008675
SI44751773,GGPv04,24.1.2017,0.008808
SI44751780,GGPv04,24.1.2017,0.008309
SI44752190,GGPv04,24.1.2017,0.008575
SI54234174,GGPv04,24.1.2017,0.008575
SI54234181,GGPv04,24.1.2017,0.008974
SI54289404,GGPv04,24.1.2017,0.008542
SI54294082,GGPv04,24.1.2017,0.008874
SI54527911,GGPv04,24.1.2017,0.008808
SI54565410,GGPv04,24.1.2017,0.008874
SI54650877,GGPv04,24.1.2017,0.009705
SI54651191,GGPv04,24.1.2017,0.009639
SI54732366,GGPv04,24.1.2017,0.008675
SI54752199,GGPv04,24.1.2017,0.008841
SI54758432,GGPv04,24.1.2017,0.02094
SI63960110,GGPv04,24.1.2017,0.008542
SI64048811,GGPv04,24.1.2017,0.009738
SI64216294,GGPv04,24.1.2017,0.009173
SI64610265,GGPv04,24.1.2017,0.008642
SI64610272,GGPv04,24.1.2017,0.00914
SI64648507,GGPv04,24.1.2017,0.008309
SI64648514,GGPv04,24.1.2017,0.008775
SI64651200,GGPv04,24.1.2017,0.008575
SI64662671,GGPv04,24.1.2017,0.008908
SI64732365,GGPv04,24.1.2017,0.0112
SI64791643,GGPv04,24.1.2017,0.008542
SI74205767,GGPv04,24.1.2017,0.0569
SI74209699,GGPv04,24.1.2017,0.008276
SI74216279,GGPv04,24.1.2017,0.008608
SI74217050,GGPv04,24.1.2017,0.008575
SI74283004,GGPv04,24.1.2017,0.008409
SI74289426,GGPv04,24.1.2017,0.00914
SI74352852,GGPv04,24.1.2017,0.009439
SI74594586,GGPv04,24.1.2017,0.008442
SI74735109,GGPv04,24.1.2017,0.008874
SI74752207,GGPv04,24.1.2017,0.008276
SI83798717,GGPv04,24.1.2017,0.008475
SI84216278,GGPv04,24.1.2017,0.008874
SI84216285,GGPv04,24.1.2017,0.008509
SI84217042,GGPv04,24.1.2017,0.008509
SI84290700,GGPv04,24.1.2017,0.008708
SI84294089,GGPv04,24.1.2017,0.008675
SI84528524,GGPv04,24.1.2017,0.008442
SI84594578,GGPv04,24.1.2017,0.01944
SI84648505,GGPv04,24.1.2017,0.008841
SI84650874,GGPv04,24.1.2017,0.008608
SI84735108,GGPv04,24.1.2017,0.008442
SI84751810,GGPv04,24.1.2017,0.008342
SI94231414,GGPv04,24.1.2017,0.008808
SI94283985,GGPv04,24.1.2017,0.008342
SI94415658,GGPv04,24.1.2017,0.009605
SI94527900,GGPv04,24.1.2017,0.008741
SI94527917,GGPv04,24.1.2017,0.008575
SI94577503,GGPv04,24.1.2017,0.008509
SI94648504,GGPv04,24.1.2017,0.009805
SI94666658,GGPv04,24.1.2017,0.01948
SI04066239,IDBv03,24.1.2017,0.004215
SI14720369,IDBv03,24.1.2017,0.007859
SI04223100,HD,22.04.2014,0.002877
SI04223399,HD,22.04.2014,0.002591
SI04290801,HD,22.04.2014,0.008593
SI04409700,HD,22.04.2014,0.00789
SI14038453,HD,22.04.2014,0.002487
SI14232437,HD,22.04.2014,0.002383
SI14290697,HD,22.04.2014,0.003346
SI14332300,HD,22.04.2014,0.002291
SI24273440,HD,22.04.2014,0.002851
SI34409666,HD,22.04.2014,0.00694
SI44231433,HD,22.04.2014,0.002291
SI44290010,HD,22.04.2014,0.003893
SI44328500,HD,22.04.2014,0.003138
SI54219377,HD,22.04.2014,0.002318
SI54222599,HD,22.04.2014,0.002383
SI54285998,HD,22.04.2014,0.003177
SI64175173,HD,22.04.2014,0.002656
SI64304252,HD,22.04.2014,0.00625
SI64458636,HD,22.04.2014,0.002825
SI74231399,HD,06.05.2014,0.005716
SI74304251,HD,22.04.2014,0.002903
SI74332500,HD,22.04.2014,0.002539
SI74458635,HD,22.04.2014,0.005768
SI84290009,HD,22.04.2014,0.002786
SI84292836,HD,22.04.2014,0.0025
SI84333335,HD,22.04.2014,0.002877
SI84415312,HD,22.04.2014,0.002565
SI92692253,HD,22.04.2014,0.003633
SI94290008,HD,22.04.2014,0.002409
SI94293623,HD,22.04.2014,0.003398
SI94409660,HD,22.04.2014,0.005286
SI04676649,HDv02,08.06.2016,0.01588
SI04693943,HDv02,27.04.2017,0.006389
SI04775700,HDv02,13.07.2016,0.002405
SI04775700,HDv02,13.07.2016,0.002405
SI04927581,HDv02,14.02.2017,0.0105
SI04931254,HDv02,27.04.2017,0.00608
SI14574113,HDv02,14.04.2016,0.01342
SI14733873,HDv02,14.04.2016,0.01371
SI14775699,HDv02,14.07.2016,0.004027
SI14775699,HDv02,14.07.2016,0.004027
SI14775754,HDv02,31.08.2016,0.007516
SI14819108,HDv02,14.12.2016,0.005635
SI14927683,HDv02,27.04.2017,0.01571
SI24660817,HDv02,14.02.2017,0.01464
SI24750004,HDv02,31.08.2016,0.0103
SI24775760,HDv02,13.07.2016,0.00224
SI24775760,HDv02,13.07.2016,0.00224
SI24775856,HDv02,12.10.2016,0.005607
SI24796707,HDv02,14.12.2016,0.00514
SI24832830,HDv02,27.04.2017,0.08671
SI34574104,HDv02,28.09.2016,0.005032
SI34667277,HDv02,13.11.2016,0.005255
SI34733871,HDv02,14.04.2016,0.01391
SI34749797,HDv02,27.04.2017,0.006518
SI34752218,HDv02,28.09.2016,0.004932
SI34775790,HDv02,13.07.2016,0.002182
SI34775790,HDv02,13.07.2016,0.002182
SI34788338,HDv02,28.09.2016,0.004961
SI34829222,HDv02,28.09.2016,0.005456
SI34951383,HDv02,27.04.2017,0.008299
SI44574103,HDv02,28.09.2016,0.005097
SI44574110,HDv02,31.08.2016,0.009569
SI44639109,HDv02,14.04.2016,0.01334
SI44746535,HDv02,08.06.2016,0.02305
SI44749789,HDv02,26.02.2017,0.007042
SI44752217,HDv02,28.09.2016,0.005054
SI44917117,HDv02,27.04.2017,0.006059
SI54574102,HDv02,28.09.2016,0.005197
SI54676644,HDv02,08.06.2016,0.01537
SI54749795,HDv02,27.04.2017,0.00621
SI54752209,HDv02,12.10.2016,0.005872
SI54752216,HDv02,28.09.2016,0.005018
SI54915176,HDv02,27.04.2017,0.006045
SI54934850,HDv02,27.04.2017,0.007746
SI64574101,HDv02,31.08.2016,0.006145
SI64594604,HDv02,14.02.2017,0.006734
SI64639114,HDv02,08.06.2016,0.03086
SI64749756,HDv02,14.12.2016,0.004975
SI64775577,HDv02,08.06.2016,0.01365
SI64775900,HDv02,12.10.2016,0.006174
SI64778707,HDv02,14.04.2016,0.01316
SI64796789,HDv02,26.02.2017,0.006511
SI64796796,HDv02,27.04.2017,0.006088
SI74352625,HDv02,14.04.2016,0.01346
SI74574100,HDv02,31.08.2016,0.01227
SI74613580,HDv02,13.11.2016,0.005255
SI74752197,HDv02,14.04.2016,0.01312
SI74775600,HDv02,14.07.2016,0.004544
SI74775600,HDv02,14.07.2016,0.004544
SI74818998,HDv02,02.11.2016,0.0099
SI84746658,HDv02,28.09.2016,0.005212
SI84749792,HDv02,26.02.2017,0.005901
SI84750101,HDv02,14.04.2016,0.01406
SI84751542,HDv02,27.04.2017,0.006999
SI84751580,HDv02,14.04.2016,0.01329
SI84775599,HDv02,13.07.2016,0.003209
SI84775599,HDv02,13.07.2016,0.003209
SI84778633,HDv02,31.08.2016,0.01101
SI84859626,HDv02,27.04.2017,0.00631
SI94574043,HDv02,08.06.2016,0.01601
SI94660810,HDv02,14.12.2016,0.005197
SI94676664,HDv02,28.09.2016,0.005147
SI94733868,HDv02,14.04.2016,0.01521
SI94756742,HDv02,14.04.2016,0.01449
SI94816592,HDv02,31.08.2016,0.01393
SI94934722,HDv02,14.02.2017,0.00743
SI03158762,IDBv03,11.07.2017,0.03185
SI03226265,IDBv03,11.07.2017,0.007973
SI03237526,IDBv03,11.07.2017,0.00578
SI03341746,IDBv03,11.07.2017,0.005379
SI03415166,IDBv03,11.07.2017,0.005665
SI03655654,IDBv03,11.07.2017,0.004177
SI03700125,IDBv03,11.07.2017,0.007019
SI03734858,IDBv03,11.07.2017,0.008145
SI03744723,IDBv03,11.07.2017,0.004349
SI03757378,IDBv03,11.07.2017,0.00845
SI03759253,IDBv03,11.07.2017,0.004235
SI03761175,IDBv03,11.07.2017,0.01253
SI03783278,IDBv03,11.07.2017,0.00454
SI03804016,IDBv03,11.07.2017,0.04214
SI03804944,IDBv03,11.07.2017,0.004196
SI03808821,IDBv03,11.07.2017,0.005799
SI03869572,IDBv03,11.07.2017,0.01137
SI03882016,IDBv03,11.07.2017,0.00578
SI03943623,IDBv03,11.07.2017,0.02163
SI03994306,IDBv03,11.07.2017,0.00433
SI04014218,IDBv03,11.07.2017,0.00721
SI04017273,IDBv03,11.07.2017,0.004902
SI04018470,IDBv03,11.07.2017,0.005818
SI04018621,IDBv03,11.07.2017,0.01196
SI04018669,IDBv03,11.07.2017,0.01799
SI04020581,IDBv03,11.07.2017,0.01059
SI04020969,IDBv03,11.07.2017,0.008584
SI04021836,IDBv03,11.07.2017,0.004139
SI04022514,IDBv03,11.07.2017,0.00721
SI04052690,IDBv03,11.07.2017,0.004978
SI04094399,IDBv03,11.07.2017,0.0037
SI04147404,IDBv03,11.07.2017,0.00557
SI04147442,IDBv03,11.07.2017,0.00473
SI04148137,IDBv03,11.07.2017,0.004807
SI04151342,IDBv03,11.07.2017,0.02104
SI04153760,IDBv03,11.07.2017,0.003319
SI04156691,IDBv03,11.07.2017,0.009366
SI04180128,IDBv03,11.07.2017,0.01238
SI04184548,IDBv03,11.07.2017,0.006333
SI04191049,IDBv03,11.07.2017,0.007096
SI04235424,IDBv03,11.07.2017,0.00742
SI04236061,IDBv03,11.07.2017,0.005207
SI04240868,IDBv03,11.07.2017,0.008297
SI04240923,IDBv03,11.07.2017,0.005341
SI04241003,IDBv03,11.07.2017,0.003662
SI04290698,IDBv03,11.07.2017,0.005989
SI04298067,IDBv03,11.07.2017,0.00391
SI04298524,IDBv03,11.07.2017,0.04462
SI04301932,IDBv03,11.07.2017,0.005894
SI04302029,IDBv03,11.07.2017,0.009366
SI04364070,IDBv03,11.07.2017,0.006981
SI04381460,IDBv03,11.07.2017,0.003224
SI04391892,IDBv03,11.07.2017,0.003681
SI04413686,IDBv03,11.07.2017,0.01127
SI04415657,IDBv03,11.07.2017,0.003853
SI04415688,IDBv03,11.07.2017,0.01982
SI04415750,IDBv03,11.07.2017,0.00597
SI04418698,IDBv03,11.07.2017,0.005436
SI04418760,IDBv03,11.07.2017,0.006962
SI04421353,IDBv03,11.07.2017,0.003395
SI04422323,IDBv03,11.07.2017,0.01324
SI04440477,IDBv03,11.07.2017,0.00412
SI04494139,IDBv03,11.07.2017,0.00536
SI04496210,IDBv03,11.07.2017,0.06415
SI04499873,IDBv03,11.07.2017,0.005017
SI04499897,IDBv03,11.07.2017,0.004273
SI04500980,IDBv03,11.07.2017,0.005799
SI04503127,IDBv03,11.07.2017,0.003987
SI04515630,IDBv03,11.07.2017,0.008259
SI04559812,IDBv03,11.07.2017,0.01747
SI04592770,IDBv03,11.07.2017,0.007668
SI04676670,IDBv03,11.07.2017,0.01522
SI13414425,IDBv03,11.07.2017,0.02571
SI13577876,IDBv03,11.07.2017,0.009957
SI13611440,IDBv03,11.07.2017,0.004654
SI13615468,IDBv03,11.07.2017,0.007115
SI13700038,IDBv03,11.07.2017,0.00721
SI13731311,IDBv03,11.07.2017,0.01455
SI13751955,IDBv03,11.07.2017,0.008316
SI13752365,IDBv03,11.07.2017,0.00412
SI13761095,IDBv03,11.07.2017,0.0127
SI13869571,IDBv03,11.07.2017,0.01413
SI13881526,IDBv03,11.07.2017,0.0231
SI13985589,IDBv03,11.07.2017,0.7288
SI14014554,IDBv03,11.07.2017,0.005074
SI14020968,IDBv03,11.07.2017,0.01492
SI14051337,IDBv03,11.07.2017,0.004978
SI14052338,IDBv03,11.07.2017,0.005761
SI14055867,IDBv03,11.07.2017,0.01925
SI14097236,IDBv03,11.07.2017,0.003872
SI14107971,IDBv03,11.07.2017,0.007401
SI14110313,IDBv03,11.07.2017,0.008011
SI14155589,IDBv03,11.07.2017,0.007687
SI14156731,IDBv03,11.07.2017,0.005799
SI14157309,IDBv03,11.07.2017,0.004292
SI14184925,IDBv03,11.07.2017,0.009232
SI14188187,IDBv03,11.07.2017,0.004368
SI14217070,IDBv03,11.07.2017,0.005856
SI14242625,IDBv03,11.07.2017,0.003643
SI14280258,IDBv03,11.07.2017,0.00494
SI14287516,IDBv03,11.07.2017,0.007573
SI14288885,IDBv03,11.07.2017,0.006905
SI14288892,IDBv03,11.07.2017,0.04805
SI14294048,IDBv03,11.07.2017,0.007687
SI14297924,IDBv03,11.07.2017,0.01425
SI14298066,IDBv03,11.07.2017,0.003987
SI14298602,IDBv03,11.07.2017,0.0247
SI14303232,IDBv03,11.07.2017,0.004006
SI14304680,IDBv03,11.07.2017,0.008145
SI14306572,IDBv03,11.07.2017,0.007611
SI14349966,IDBv03,11.07.2017,0.009003
SI14378096,IDBv03,11.07.2017,0.005989
SI14413458,IDBv03,11.07.2017,0.006371
SI14413829,IDBv03,11.07.2017,0.01476
SI14454259,IDBv03,11.07.2017,0.006256
SI14498888,IDBv03,11.07.2017,0.004826
SI14514322,IDBv03,11.07.2017,0.004425
SI14515639,IDBv03,11.07.2017,0.004483
SI14676686,IDBv03,11.07.2017,0.008717
SI23284423,IDBv03,11.07.2017,0.00515
SI23553268,IDBv03,11.07.2017,0.005455
SI23574030,IDBv03,11.07.2017,0.01534
SI23608265,IDBv03,11.07.2017,0.004711
SI23615285,IDBv03,11.07.2017,0.01913
SI23645330,IDBv03,11.07.2017,0.004902
SI23706105,IDBv03,11.07.2017,0.004826
SI23730065,IDBv03,11.07.2017,0.01247
SI23749331,IDBv03,11.07.2017,0.003643
SI23800955,IDBv03,11.07.2017,0.00351
SI23815801,IDBv03,11.07.2017,0.004254
SI23869570,IDBv03,11.07.2017,0.00887
SI23869745,IDBv03,11.07.2017,0.021
SI23985423,IDBv03,11.07.2017,0.004807
SI23995415,IDBv03,11.07.2017,0.004139
SI24013277,IDBv03,11.07.2017,0.01074
SI24020297,IDBv03,11.07.2017,0.004864
SI24049218,IDBv03,11.07.2017,0.02236
SI24049926,IDBv03,11.07.2017,0.005856
SI24073130,IDBv03,11.07.2017,0.0066
SI24097242,IDBv03,11.07.2017,0.004025
SI24107970,IDBv03,11.07.2017,0.004807
SI24147419,IDBv03,11.07.2017,0.01429
SI24149576,IDBv03,11.07.2017,0.01389
SI24151838,IDBv03,11.07.2017,0.008278
SI24151955,IDBv03,11.07.2017,0.004101
SI24152994,IDBv03,11.07.2017,0.003948
SI24153438,IDBv03,11.07.2017,0.006924
SI24181220,IDBv03,11.07.2017,0.01913
SI24217055,IDBv03,11.07.2017,0.008259
SI24217110,IDBv03,11.07.2017,0.005665
SI24235398,IDBv03,11.07.2017,0.004311
SI24242174,IDBv03,11.07.2017,0.004196
SI24245885,IDBv03,11.07.2017,0.00473
SI24276670,IDBv03,11.07.2017,0.01141
SI24277853,IDBv03,11.07.2017,0.005245
SI24288884,IDBv03,11.07.2017,0.009614
SI24290490,IDBv03,11.07.2017,0.01131
SI24297985,IDBv03,11.07.2017,0.01516
SI24303114,IDBv03,11.07.2017,0.006047
SI24306526,IDBv03,11.07.2017,0.008145
SI24306571,IDBv03,11.07.2017,0.005894
SI24348672,IDBv03,11.07.2017,0.00372
SI24354127,IDBv03,11.07.2017,0.003624
SI24374912,IDBv03,11.07.2017,0.004864
SI24415662,IDBv03,11.07.2017,0.01091
SI24415930,IDBv03,11.07.2017,0.007897
SI24444101,IDBv03,11.07.2017,0.003357
SI24463304,IDBv03,11.07.2017,0.006314
SI24496012,IDBv03,11.07.2017,0.008183
SI24504968,IDBv03,11.07.2017,0.003624
SI24565406,IDBv03,11.07.2017,0.007286
SI33238830,IDBv03,11.07.2017,0.01545
SI33489050,IDBv03,11.07.2017,0.004406
SI33505460,IDBv03,11.07.2017,0.007115
SI33553281,IDBv03,11.07.2017,0.005646
SI33608673,IDBv03,11.07.2017,0.005322
SI33653408,IDBv03,11.07.2017,0.005417
SI33655699,IDBv03,11.07.2017,0.005493
SI33695190,IDBv03,11.07.2017,0.007
SI33702069,IDBv03,11.07.2017,0.1999
SI33707167,IDBv03,11.07.2017,0.008908
SI33745635,IDBv03,11.07.2017,0.008927
SI33750983,IDBv03,11.07.2017,0.003586
SI33751032,IDBv03,11.07.2017,0.01568
SI33816928,IDBv03,11.07.2017,0.01392
SI33853000,IDBv03,11.07.2017,0.00433
SI33867766,IDBv03,11.07.2017,0.004521
SI33882604,IDBv03,11.07.2017,0.02155
SI33882611,IDBv03,11.07.2017,0.007477
SI33917500,IDBv03,11.07.2017,0.007306
SI33947727,IDBv03,11.07.2017,0.006733
SI33951775,IDBv03,11.07.2017,0.009366
SI33954826,IDBv03,11.07.2017,0.008011
SI33995414,IDBv03,11.07.2017,0.03748
SI34023282,IDBv03,11.07.2017,0.005417
SI34024719,IDBv03,11.07.2017,0.01001
SI34038059,IDBv03,11.07.2017,0.007687
SI34051366,IDBv03,11.07.2017,0.00351
SI34056220,IDBv03,11.07.2017,0.006256
SI34057070,IDBv03,11.07.2017,0.007019
SI34071924,IDBv03,11.07.2017,0.00906
SI34077906,IDBv03,11.07.2017,0.04236
SI34101502,IDBv03,11.07.2017,0.003624
SI34107962,IDBv03,11.07.2017,0.007878
SI34149740,IDBv03,11.07.2017,0.003586
SI34151370,IDBv03,11.07.2017,0.01751
SI34151875,IDBv03,11.07.2017,0.0066
SI34155099,IDBv03,11.07.2017,0.003967
SI34155594,IDBv03,11.07.2017,0.02699
SI34180149,IDBv03,11.07.2017,0.004387
SI34184514,IDBv03,11.07.2017,0.01915
SI34184590,IDBv03,11.07.2017,0.02535
SI34185182,IDBv03,11.07.2017,0.00866
SI34217078,IDBv03,11.07.2017,0.008278
SI34232033,IDBv03,11.07.2017,0.004444
SI34236288,IDBv03,11.07.2017,0.007611
SI34290475,IDBv03,11.07.2017,0.009251
SI34294046,IDBv03,11.07.2017,0.005093
SI34294060,IDBv03,11.07.2017,0.008507
SI34297953,IDBv03,11.07.2017,0.03313
SI34298569,IDBv03,11.07.2017,0.006371
SI34298583,IDBv03,11.07.2017,0.004139
SI34303058,IDBv03,11.07.2017,0.004387
SI34304279,IDBv03,11.07.2017,0.003967
SI34308084,IDBv03,11.07.2017,0.006504
SI34343353,IDBv03,11.07.2017,0.007611
SI34348671,IDBv03,11.07.2017,0.005608
SI34378094,IDBv03,11.07.2017,0.008965
SI34417405,IDBv03,11.07.2017,0.005226
SI34418822,IDBv03,11.07.2017,0.003128
SI34421202,IDBv03,11.07.2017,0.05789
SI34422258,IDBv03,11.07.2017,0.0198
SI34423981,IDBv03,11.07.2017,0.005055
SI34451027,IDBv03,11.07.2017,0.006218
SI34463303,IDBv03,11.07.2017,0.005818
SI34494136,IDBv03,11.07.2017,0.01049
SI34496011,IDBv03,11.07.2017,0.005703
SI34503155,IDBv03,11.07.2017,0.008374
SI34505449,IDBv03,11.07.2017,0.004463
SI43115752,IDBv03,11.07.2017,0.004597
SI43529007,IDBv03,11.07.2017,0.003376
SI43611320,IDBv03,11.07.2017,0.004101
SI43611375,IDBv03,11.07.2017,0.01017
SI43653177,IDBv03,11.07.2017,0.005703
SI43708208,IDBv03,11.07.2017,0.004616
SI43727566,IDBv03,11.07.2017,0.0066
SI43744729,IDBv03,11.07.2017,0.01585
SI43748170,IDBv03,11.07.2017,0.006523
SI43756098,IDBv03,11.07.2017,0.00618
SI43825066,IDBv03,11.07.2017,0.003929
SI43853535,IDBv03,11.07.2017,0.03588
SI43857467,IDBv03,11.07.2017,0.004349
SI43875418,IDBv03,11.07.2017,0.00454
SI43875425,IDBv03,11.07.2017,0.01532
SI43917420,IDBv03,11.07.2017,0.3201
SI43918270,IDBv03,11.07.2017,0.01587
SI43948882,IDBv03,11.07.2017,0.003205
SI43985593,IDBv03,11.07.2017,0.00351
SI43995176,IDBv03,11.07.2017,0.004483
SI43995444,IDBv03,11.07.2017,0.0252
SI44023061,IDBv03,11.07.2017,0.00391
SI44055864,IDBv03,11.07.2017,0.005112
SI44057062,IDBv03,11.07.2017,0.01017
SI44061807,IDBv03,11.07.2017,0.003948
SI44065351,IDBv03,11.07.2017,0.005474
SI44097240,IDBv03,11.07.2017,0.003777
SI44147376,IDBv03,11.07.2017,0.004654
SI44147819,IDBv03,11.07.2017,0.006676
SI44152734,IDBv03,11.07.2017,0.004196
SI44155658,IDBv03,11.07.2017,0.008164
SI44180980,IDBv03,11.07.2017,0.0104
SI44181008,IDBv03,11.07.2017,0.005055
SI44188139,IDBv03,11.07.2017,0.006409
SI44191399,IDBv03,11.07.2017,0.004196
SI44217046,IDBv03,11.07.2017,0.004425
SI44234539,IDBv03,11.07.2017,0.004864
SI44235358,IDBv03,11.07.2017,0.003147
SI44239077,IDBv03,11.07.2017,0.004502
SI44242196,IDBv03,11.07.2017,0.008717
SI44288899,IDBv03,11.07.2017,0.005055
SI44288909,IDBv03,11.07.2017,0.00784
SI44298609,IDBv03,11.07.2017,0.008069
SI44330109,IDBv03,11.07.2017,0.01057
SI44349437,IDBv03,11.07.2017,0.4815
SI44349970,IDBv03,11.07.2017,0.009366
SI44354118,IDBv03,11.07.2017,0.005207
SI44380513,IDBv03,11.07.2017,0.008851
SI44381459,IDBv03,11.07.2017,0.02802
SI44423980,IDBv03,11.07.2017,0.007096
SI44463302,IDBv03,11.07.2017,0.005036
SI44463814,IDBv03,11.07.2017,0.005245
SI44494180,IDBv03,11.07.2017,0.01953
SI44495301,IDBv03,11.07.2017,0.0112
SI44502665,IDBv03,11.07.2017,0.01778
SI44503116,IDBv03,11.07.2017,0.005284
SI44515636,IDBv03,11.07.2017,0.006581
SI44523224,IDBv03,11.07.2017,0.02155
SI44676683,IDBv03,11.07.2017,0.005818
SI44676690,IDBv03,11.07.2017,0.00536
SI52847804,IDBv03,11.07.2017,0.005322
SI53186841,IDBv03,11.07.2017,0.007992
SI53380980,IDBv03,11.07.2017,0.0193
SI53529006,IDBv03,11.07.2017,0.009175
SI53584122,IDBv03,11.07.2017,0.00639
SI53587194,IDBv03,11.07.2017,0.01934
SI53611336,IDBv03,11.07.2017,0.006142
SI53699006,IDBv03,11.07.2017,0.005245
SI53726296,IDBv03,11.07.2017,0.01535
SI53734372,IDBv03,11.07.2017,0.00494
SI53751030,IDBv03,11.07.2017,0.01927
SI53752433,IDBv03,11.07.2017,0.01108
SI53761211,IDBv03,11.07.2017,0.009709
SI53803319,IDBv03,11.07.2017,0.003529
SI53816926,IDBv03,11.07.2017,0.005036
SI53860035,IDBv03,11.07.2017,0.004196
SI53861641,IDBv03,11.07.2017,0.003586
SI53911296,IDBv03,11.07.2017,0.01534
SI53947127,IDBv03,11.07.2017,0.005093
SI53952705,IDBv03,11.07.2017,0.01938
SI54014392,IDBv03,11.07.2017,0.01965
SI54019737,IDBv03,11.07.2017,0.04372
SI54024717,IDBv03,11.07.2017,0.02329
SI54049930,IDBv03,11.07.2017,0.01162
SI54051340,IDBv03,11.07.2017,0.02131
SI54051357,IDBv03,11.07.2017,0.02089
SI54057054,IDBv03,11.07.2017,0.009079
SI54073120,IDBv03,11.07.2017,0.009251
SI54110292,IDBv03,11.07.2017,0.01484
SI54149353,IDBv03,11.07.2017,0.008069
SI54154955,IDBv03,11.07.2017,0.00473
SI54166080,IDBv03,11.07.2017,0.009022
SI54184598,IDBv03,11.07.2017,0.003872
SI54191381,IDBv03,11.07.2017,0.004845
SI54208298,IDBv03,11.07.2017,0.003872
SI54217045,IDBv03,11.07.2017,0.004826
SI54231157,IDBv03,11.07.2017,0.03905
SI54241259,IDBv03,11.07.2017,0.005169
SI54242157,IDBv03,11.07.2017,0.0102
SI54242171,IDBv03,11.07.2017,0.01059
SI54246412,IDBv03,11.07.2017,0.00475
SI54277843,IDBv03,11.07.2017,0.005322
SI54281224,IDBv03,11.07.2017,0.008488
SI54290129,IDBv03,11.07.2017,0.006028
SI54294068,IDBv03,11.07.2017,0.007191
SI54298031,IDBv03,11.07.2017,0.01017
SI54298574,IDBv03,11.07.2017,0.005703
SI54306138,IDBv03,11.07.2017,0.005131
SI54307287,IDBv03,11.07.2017,0.006543
SI54307610,IDBv03,11.07.2017,0.005932
SI54307634,IDBv03,11.07.2017,0.006733
SI54413423,IDBv03,11.07.2017,0.117
SI54413698,IDBv03,11.07.2017,0.01423
SI54417362,IDBv03,11.07.2017,0.01492
SI54424636,IDBv03,11.07.2017,0.003586
SI54463820,IDBv03,11.07.2017,0.03685
SI54497979,IDBv03,11.07.2017,0.004769
SI54500325,IDBv03,11.07.2017,0.006523
SI54513671,IDBv03,11.07.2017,0.01041
SI54515439,IDBv03,11.07.2017,0.006371
SI54574126,IDBv03,11.07.2017,0.01198
SI54676675,IDBv03,11.07.2017,0.003491
SI63490514,IDBv03,11.07.2017,0.004215
SI63547300,IDBv03,11.07.2017,0.0066
SI63554519,IDBv03,11.07.2017,0.008698
SI63648669,IDBv03,11.07.2017,0.003205
SI63656484,IDBv03,11.07.2017,0.003777
SI63753237,IDBv03,11.07.2017,0.007115
SI63759257,IDBv03,11.07.2017,0.00475
SI63817445,IDBv03,11.07.2017,0.01612
SI63858806,IDBv03,11.07.2017,0.006161
SI63860034,IDBv03,11.07.2017,0.04526
SI63867770,IDBv03,11.07.2017,0.004044
SI63879874,IDBv03,11.07.2017,0.004902
SI63882601,IDBv03,11.07.2017,0.009347
SI63919781,IDBv03,11.07.2017,0.005627
SI63943768,IDBv03,11.07.2017,0.01692
SI63947511,IDBv03,11.07.2017,0.005493
SI63952663,IDBv03,11.07.2017,0.007038
SI63952962,IDBv03,11.07.2017,0.006256
SI63985591,IDBv03,11.07.2017,0.004349
SI64014793,IDBv03,11.07.2017,0.007
SI64020224,IDBv03,11.07.2017,0.005074
SI64022501,IDBv03,11.07.2017,0.005856
SI64024716,IDBv03,11.07.2017,0.006428
SI64038056,IDBv03,11.07.2017,0.009995
SI64049214,IDBv03,11.07.2017,0.01072
SI64049654,IDBv03,11.07.2017,0.005455
SI64057060,IDBv03,11.07.2017,0.008069
SI64107969,IDBv03,11.07.2017,0.01392
SI64107976,IDBv03,11.07.2017,0.01288
SI64149314,IDBv03,11.07.2017,0.007744
SI64149352,IDBv03,11.07.2017,0.005474
SI64151889,IDBv03,11.07.2017,0.01698
SI64181044,IDBv03,11.07.2017,0.4683
SI64217075,IDBv03,11.07.2017,0.04709
SI64218708,IDBv03,11.07.2017,0.004349
SI64234173,IDBv03,11.07.2017,0.005913
SI64240570,IDBv03,11.07.2017,0.005627
SI64270797,IDBv03,11.07.2017,0.01547
SI64273886,IDBv03,11.07.2017,0.1543
SI64288897,IDBv03,11.07.2017,0.005532
SI64288907,IDBv03,11.07.2017,0.008316
SI64290692,IDBv03,11.07.2017,0.005436
SI64294050,IDBv03,11.07.2017,0.005627
SI64294074,IDBv03,11.07.2017,0.007191
SI64298061,IDBv03,11.07.2017,0.01049
SI64298573,IDBv03,11.07.2017,0.007897
SI64299787,IDBv03,11.07.2017,0.00618
SI64304692,IDBv03,11.07.2017,0.01278
SI64307561,IDBv03,11.07.2017,0.04626
SI64354130,IDBv03,11.07.2017,0.003815
SI64378091,IDBv03,11.07.2017,0.008889
SI64463812,IDBv03,11.07.2017,0.008049
SI64494140,IDBv03,11.07.2017,0.005856
SI64498072,IDBv03,11.07.2017,0.004235
SI64499846,IDBv03,11.07.2017,0.004654
SI64501772,IDBv03,11.07.2017,0.005665
SI64505312,IDBv03,11.07.2017,0.0215
SI73065537,IDBv03,11.07.2017,0.007897
SI73217301,IDBv03,11.07.2017,0.004273
SI73343136,IDBv03,11.07.2017,0.01204
SI73386915,IDBv03,11.07.2017,0.007706
SI73554642,IDBv03,11.07.2017,0.003586
SI73576721,IDBv03,11.07.2017,0.009347
SI73608882,IDBv03,11.07.2017,0.012
SI73609584,IDBv03,11.07.2017,0.0219
SI73654443,IDBv03,11.07.2017,0.003987
SI73697277,IDBv03,11.07.2017,0.01087
SI73745655,IDBv03,11.07.2017,0.004826
SI73747664,IDBv03,11.07.2017,0.004769
SI73750264,IDBv03,11.07.2017,0.007306
SI73761075,IDBv03,11.07.2017,0.008412
SI73761082,IDBv03,11.07.2017,0.0442
SI73761178,IDBv03,11.07.2017,0.00454
SI73806437,IDBv03,11.07.2017,0.004463
SI73815806,IDBv03,11.07.2017,0.004273
SI73853714,IDBv03,11.07.2017,0.006504
SI73856494,IDBv03,11.07.2017,0.005799
SI73858805,IDBv03,11.07.2017,0.005532
SI73858850,IDBv03,11.07.2017,0.004311
SI73859088,IDBv03,11.07.2017,0.003796
SI73860167,IDBv03,11.07.2017,0.008431
SI73876856,IDBv03,11.07.2017,0.005703
SI73881520,IDBv03,11.07.2017,0.00372
SI73882600,IDBv03,11.07.2017,0.008316
SI73942883,IDBv03,11.07.2017,0.00536
SI73945020,IDBv03,11.07.2017,0.005665
SI73946708,IDBv03,11.07.2017,0.003987
SI73948889,IDBv03,11.07.2017,0.009556
SI73949828,IDBv03,11.07.2017,0.07765
SI73951795,IDBv03,11.07.2017,0.01743
SI73980825,IDBv03,11.07.2017,0.007229
SI74013272,IDBv03,11.07.2017,0.006085
SI74017874,IDBv03,11.07.2017,0.01125
SI74024715,IDBv03,11.07.2017,0.0333
SI74051355,IDBv03,11.07.2017,0.006943
SI74056219,IDBv03,11.07.2017,0.007725
SI74061464,IDBv03,11.07.2017,0.00494
SI74071920,IDBv03,11.07.2017,0.012
SI74073128,IDBv03,11.07.2017,0.007496
SI74155693,IDBv03,11.07.2017,0.005436
SI74184668,IDBv03,11.07.2017,0.005436
SI74191011,IDBv03,11.07.2017,0.005894
SI74217115,IDBv03,11.07.2017,0.004387
SI74218714,IDBv03,11.07.2017,0.003624
SI74234299,IDBv03,11.07.2017,0.02058
SI74235403,IDBv03,11.07.2017,0.02623
SI74239438,IDBv03,11.07.2017,0.2315
SI74241329,IDBv03,11.07.2017,0.1892
SI74242186,IDBv03,11.07.2017,0.01207
SI74246441,IDBv03,11.07.2017,0.2791
SI74294066,IDBv03,11.07.2017,0.02031
SI74294080,IDBv03,11.07.2017,0.00742
SI74298565,IDBv03,11.07.2017,0.02161
SI74302228,IDBv03,11.07.2017,0.005112
SI74303009,IDBv03,11.07.2017,0.007096
SI74304653,IDBv03,11.07.2017,0.2679
SI74306088,IDBv03,11.07.2017,0.004254
SI74344910,IDBv03,11.07.2017,0.01038
SI74349740,IDBv03,11.07.2017,0.004387
SI74375059,IDBv03,11.07.2017,0.007878
SI74378090,IDBv03,11.07.2017,0.016
SI74391895,IDBv03,11.07.2017,0.003853
SI74419939,IDBv03,11.07.2017,0.006276
SI74424940,IDBv03,11.07.2017,0.006581
SI74454260,IDBv03,11.07.2017,0.004196
SI74494479,IDBv03,11.07.2017,0.01267
SI74497197,IDBv03,11.07.2017,0.006619
SI74497582,IDBv03,11.07.2017,0.004025
SI74503955,IDBv03,11.07.2017,0.008564
SI74514340,IDBv03,11.07.2017,0.007096
SI74523214,IDBv03,11.07.2017,0.01087
SI74565401,IDBv03,11.07.2017,0.02979
SI74574124,IDBv03,11.07.2017,0.01192
SI74676697,IDBv03,11.07.2017,0.004902
SI83486636,IDBv03,11.07.2017,0.0066
SI83546558,IDBv03,11.07.2017,0.004387
SI83731008,IDBv03,11.07.2017,0.0104
SI83737138,IDBv03,11.07.2017,0.03544
SI83749366,IDBv03,11.07.2017,0.005074
SI83754391,IDBv03,11.07.2017,0.009232
SI83814835,IDBv03,11.07.2017,0.006848
SI83869048,IDBv03,11.07.2017,0.008831
SI83875490,IDBv03,11.07.2017,0.006256
SI83917433,IDBv03,11.07.2017,0.004044
SI83918269,IDBv03,11.07.2017,0.03681
SI83918300,IDBv03,11.07.2017,0.01967
SI83920349,IDBv03,11.07.2017,0.04515
SI83943601,IDBv03,11.07.2017,0.005226
SI83948864,IDBv03,11.07.2017,0.006314
SI83949810,IDBv03,11.07.2017,0.01593
SI84015417,IDBv03,11.07.2017,0.006314
SI84019710,IDBv03,11.07.2017,0.009251
SI84020545,IDBv03,11.07.2017,0.4315
SI84021883,IDBv03,11.07.2017,0.007325
SI84048383,IDBv03,11.07.2017,0.008126
SI84050133,IDBv03,11.07.2017,0.003319
SI84110316,IDBv03,11.07.2017,0.004998
SI84151966,IDBv03,11.07.2017,0.003452
SI84152974,IDBv03,11.07.2017,0.004292
SI84180780,IDBv03,11.07.2017,0.003319
SI84187464,IDBv03,11.07.2017,0.00597
SI84188908,IDBv03,11.07.2017,0.01209
SI84217107,IDBv03,11.07.2017,0.004673
SI84217114,IDBv03,11.07.2017,0.01282
SI84235419,IDBv03,11.07.2017,0.06756
SI84246419,IDBv03,11.07.2017,0.006676
SI84288895,IDBv03,11.07.2017,0.007573
SI84288905,IDBv03,11.07.2017,0.01497
SI84290126,IDBv03,11.07.2017,0.004654
SI84294065,IDBv03,11.07.2017,0.006256
SI84303060,IDBv03,11.07.2017,0.006104
SI84330064,IDBv03,11.07.2017,0.008584
SI84342429,IDBv03,11.07.2017,0.004769
SI84348676,IDBv03,11.07.2017,0.005436
SI84349756,IDBv03,11.07.2017,0.005207
SI84356123,IDBv03,11.07.2017,0.004959
SI84364072,IDBv03,11.07.2017,0.005265
SI84375065,IDBv03,11.07.2017,0.005703
SI84378099,IDBv03,11.07.2017,0.009385
SI84413482,IDBv03,11.07.2017,0.0102
SI84415666,IDBv03,11.07.2017,0.01946
SI84417448,IDBv03,11.07.2017,0.006237
SI84418982,IDBv03,11.07.2017,0.007019
SI84458641,IDBv03,11.07.2017,0.006123
SI84497581,IDBv03,11.07.2017,0.004559
SI84497615,IDBv03,11.07.2017,0.00454
SI84499851,IDBv03,11.07.2017,0.02174
SI84521376,IDBv03,11.07.2017,0.003529
SI84676672,IDBv03,11.07.2017,0.006657
SI93065535,IDBv03,11.07.2017,0.006752
SI93415198,IDBv03,11.07.2017,0.003281
SI93489054,IDBv03,11.07.2017,0.0037
SI93516794,IDBv03,11.07.2017,0.04671
SI93575027,IDBv03,11.07.2017,0.03288
SI93578295,IDBv03,11.07.2017,0.007916
SI93736167,IDBv03,11.07.2017,0.003853
SI93749059,IDBv03,11.07.2017,0.006829
SI93750987,IDBv03,11.07.2017,0.0102
SI93861166,IDBv03,11.07.2017,0.00845
SI93869030,IDBv03,11.07.2017,0.006256
SI93877233,IDBv03,11.07.2017,0.02768
SI93882608,IDBv03,11.07.2017,0.005055
SI93918282,IDBv03,11.07.2017,0.006829
SI93943617,IDBv03,11.07.2017,0.01278
SI93943631,IDBv03,11.07.2017,0.03281
SI93943916,IDBv03,11.07.2017,0.005894
SI93945121,IDBv03,11.07.2017,0.003452
SI93982777,IDBv03,11.07.2017,0.003891
SI93994307,IDBv03,11.07.2017,0.0119
SI94013256,IDBv03,11.07.2017,0.01486
SI94014769,IDBv03,11.07.2017,0.005131
SI94015870,IDBv03,11.07.2017,0.004978
SI94018684,IDBv03,11.07.2017,0.007534
SI94019166,IDBv03,11.07.2017,0.00473
SI94019740,IDBv03,11.07.2017,0.0318
SI94020575,IDBv03,11.07.2017,0.00454
SI94020582,IDBv03,11.07.2017,0.03477
SI94038060,IDBv03,11.07.2017,0.004826
SI94054765,IDBv03,11.07.2017,0.003662
SI94155804,IDBv03,11.07.2017,0.003662
SI94158890,IDBv03,11.07.2017,0.00681
SI94189317,IDBv03,11.07.2017,0.007477
SI94218705,IDBv03,11.07.2017,0.006752
SI94239467,IDBv03,11.07.2017,0.02844
SI94243020,IDBv03,11.07.2017,0.003891
SI94244832,IDBv03,11.07.2017,0.003567
SI94246470,IDBv03,11.07.2017,0.006848
SI94246487,IDBv03,11.07.2017,0.02709
SI94290125,IDBv03,11.07.2017,0.01238
SI94294095,IDBv03,11.07.2017,0.01152
SI94304266,IDBv03,11.07.2017,0.008107
SI94304723,IDBv03,11.07.2017,0.007706
SI94342428,IDBv03,11.07.2017,0.005417
SI94370681,IDBv03,11.07.2017,0.003987
SI94370708,IDBv03,11.07.2017,0.004139
SI94413443,IDBv03,11.07.2017,0.01146
SI94414190,IDBv03,11.07.2017,0.02321
SI94415665,IDBv03,11.07.2017,0.004158
SI94422300,IDBv03,11.07.2017,0.008755
SI94458640,IDBv03,11.07.2017,0.004769
SI94463307,IDBv03,11.07.2017,0.008374
SI94476196,IDBv03,11.07.2017,0.009327
AT405586909,50Kv01,,0.06437
AT405587109,50Kv01,,0.1014
DE0801441993,50Kv01,,0.01046
DE0910384710,50Kv01,,0.019
DE0910389033,50Kv01,,0.01013
DE0913979621,50Kv01,,0.01848
DE0916304211,50Kv01,,0.01285
DE0916304445,50Kv01,,0.02648
DE0916554332,50Kv01,,0.02709
IT021000883810,50Kv01,,0.02478
ITBZ0000707600,50Kv01,,0.009981
ITBZ0000719610,50Kv01,,0.1116
ITSO0000128000,50Kv01,,0.01467
ITVR0000106548,50Kv01,,0.07952
SI02425959,50Kv01,,0.1933
SI02749529,50Kv01,,0.02115
SI02796617,50Kv01,,0.02046
SI02925040,50Kv01,,0.02056
SI03067842,50Kv01,,0.01837
SI03088834,50Kv01,,0.02424
SI03168015,50Kv01,,0.01924
SI1011800,50Kv01,,0.03655
SI1052342,50Kv01,,0.01037
SI1066291,50Kv01,,0.01907
SI1110773,50Kv01,,0.02657
SI1110775,50Kv01,,0.0428
SI1110777,50Kv01,,0.02906
SI1113164,50Kv01,,0.1047
SI1121580,50Kv01,,0.08852
SI1125749,50Kv01,,0.206
SI1135606,50Kv01,,0.02389
SI1169947,50Kv01,,0.0167
SI1169950,50Kv01,,0.05517
SI1170951,50Kv01,,0.07063
SI1170955,50Kv01,,0.1876
SI1173219,50Kv01,,0.01539
SI1207792,50Kv01,,0.01672
SI1221583,50Kv01,,0.02272
SI1236149,50Kv01,,0.0272
SI1248062,50Kv01,,0.02207
SI12535136,50Kv01,,0.01594
SI12801181,50Kv01,,0.01483
SI12810189,50Kv01,,0.009
SI12976375,50Kv01,,0.01878
SI13068392,50Kv01,,0.01185
SI1318925,50Kv01,,0.0208
SI1324137,50Kv01,,0.07246
SI1336321,50Kv01,,0.01291
SI1367797,50Kv01,,0.02874
SI1384007,50Kv01,,0.01565
SI1384035,50Kv01,,0.02293
SI1384077,50Kv01,,0.01628
SI1384885,50Kv01,,0.09046
SI1389117,50Kv01,,0.03241
SI1390232,50Kv01,,0.0192
SI1390322,50Kv01,,0.026
SI1390469,50Kv01,,0.03048
SI1392514,50Kv01,,0.06702
SI1392521,50Kv01,,0.008833
SI1412884,50Kv01,,0.02594
SI1421030,50Kv01,,0.01876
SI1435404,50Kv01,,0.02283
SI1435789,50Kv01,,0.01367
SI1438921,50Kv01,,0.1955
SI1451467,50Kv01,,0.01224
SI1465078,50Kv01,,0.04533
SI1466224,50Kv01,,0.007204
SI1469634,50Kv01,,0.1251
SI1471688,50Kv01,,0.2076
SI1502939,50Kv01,,0.008926
SI1523673,50Kv01,,0.02222
SI1541557,50Kv01,,0.01935
SI1542415,50Kv01,,0.01578
SI1559395,50Kv01,,0.0222
SI1577968,50Kv01,,0.01057
SI1590309,50Kv01,,0.0497
SI1598074,50Kv01,,0.01991
SI1601611,50Kv01,,0.02087
SI1608775,50Kv01,,0.06918
SI1650570,50Kv01,,0.1373
SI1651225,50Kv01,,0.02313
SI1666105,50Kv01,,0.01583
SI1684988,50Kv01,,0.0122
SI1697402,50Kv01,,0.02159
SI1697404,50Kv01,,0.02652
SI1698938,50Kv01,,0.009833
SI1701542,50Kv01,,0.02048
SI1713017,50Kv01,,0.01185
SI1753941,50Kv01,,0.0167
SI1757848,50Kv01,,0.1989
SI1757925,50Kv01,,0.01924
SI1765255,50Kv01,,0.05459
SI1788357,50Kv01,,0.1324
SI1798387,50Kv01,,0.03968
SI1804037,50Kv01,,0.01856
SI1804055,50Kv01,,0.01744
SI1807379,50Kv01,,0.01794
SI1810147,50Kv01,,0.01063
SI1812838,50Kv01,,0.01178
SI1812909,50Kv01,,0.232
SI1813034,50Kv01,,0.02685
SI1858323,50Kv01,,0.01513
SI1873020,50Kv01,,0.01093
SI1873600,50Kv01,,0.03133
SI1874271,50Kv01,,0.01213
SI1875142,50Kv01,,0.007704
SI1885954,50Kv01,,0.008222
SI1885955,50Kv01,,0.01507
SI1890815,50Kv01,,0.02646
SI1891083,50Kv01,,0.04117
SI1904387,50Kv01,,0.08479
SI1904389,50Kv01,,0.01413
SI1930681,50Kv01,,0.1065
SI1930804,50Kv01,,0.01233
SI1958333,50Kv01,,0.01633
SI1958854,50Kv01,,0.01204
SI1995263,50Kv01,,0.03257
SI1997711,50Kv01,,0.04859
SI1998172,50Kv01,,0.09029
SI2033239,50Kv01,,0.1048
SI2068188,50Kv01,,0.01922
SI2098915,50Kv01,,0.04304
SI2098921,50Kv01,,0.03293
SI2108205,50Kv01,,0.01756
SI22432025,50Kv01,,0.03574
SI22785639,50Kv01,,0.05798
SI22786939,50Kv01,,0.01683
SI22794826,50Kv01,,0.01074
SI23030815,50Kv01,,0.0222
SI23164765,50Kv01,,0.04652
SI23413571,50Kv01,,0.05876
SI32372676,50Kv01,,0.2098
SI32444465,50Kv01,,0.2714
SI32455056,50Kv01,,0.2244
SI32515239,50Kv01,,0.01841
SI33000862,50Kv01,,0.1186
SI33024792,50Kv01,,0.182
SI33062026,50Kv01,,0.009148
SI33069621,50Kv01,,0.02009
SI33172417,50Kv01,,0.0227
SI33415503,50Kv01,,0.02137
SI42389262,50Kv01,,0.04098
SI42391555,50Kv01,,0.1894
SI42432470,50Kv01,,0.0782
SI42432573,50Kv01,,0.02602
SI42436467,50Kv01,,0.1103
SI42639990,50Kv01,,0.08537
SI42846969,50Kv01,,0.04146
SI43235434,50Kv01,,0.04093
SI52372708,50Kv01,,0.01576
SI52511295,50Kv01,,0.02652
SI52577185,50Kv01,,0.01563
SI52781601,50Kv01,,0.03685
SI53000664,50Kv01,,0.03776
SI53007300,50Kv01,,0.03405
SI62192701,50Kv01,,0.02378
SI62253710,50Kv01,,0.07435
SI62341321,50Kv01,,0.02676
SI62341400,50Kv01,,0.07318
SI62628572,50Kv01,,0.1541
SI62911704,50Kv01,,0.01044
SI62935036,50Kv01,,0.3254
SI63013799,50Kv01,,0.02006
SI63020582,50Kv01,,0.01965
SI63115200,50Kv01,,0.147
SI63235614,50Kv01,,0.01894
SI677626,50Kv01,,0.02606
SI677644,50Kv01,,0.07674
SI677645,50Kv01,,0.01268
SI72432408,50Kv01,,0.08629
SI72497108,50Kv01,,0.02209
SI72913970,50Kv01,,0.04048
SI73115072,50Kv01,,0.01044
SI73115728,50Kv01,,0.02657
SI73235613,50Kv01,,0.009037
SI73265074,50Kv01,,0.02224
SI73314367,50Kv01,,0.01261
SI765885,50Kv01,,0.02043
SI82339359,50Kv01,,0.01715
SI82507835,50Kv01,,0.01131
SI82596213,50Kv01,,0.2171
SI82788777,50Kv01,,0.01748
SI82974503,50Kv01,,0.01793
SI83007462,50Kv01,,0.01193
SI83265994,50Kv01,,0.014
SI83380389,50Kv01,,0.01309
SI83415508,50Kv01,,0.01211
SI92286999,50Kv01,,0.009092
SI92640122,50Kv01,,0.03365
SI92845767,50Kv01,,0.1169
SI93010315,50Kv01,,0.1103
SI04223100,50Kv02,06.10.2014,0.02102
SI04223399,50Kv02,06.10.2014,0.01758
SI04290801,50Kv02,11.09.2014,0.04146
SI04352622,50Kv02,12.01.2015,0.008186
SI04384195,50Kv02,22.06.2015,0.006831
SI04409700,50Kv02,06.10.2014,0.02102
SI04472445,50Kv02,12.01.2015,0.007709
SI04513638,50Kv02,22.03.2015,0.006391
SI04513676,50Kv02,12.01.2015,0.005842
SI04709354,50Kv02,13.12.2015,0.007948
SI14038453,50Kv02,11.09.2014,0.01991
SI14048809,50Kv02,06.10.2014,0.006794
SI14208072,50Kv02,08.08.2014,0.02359
SI14231388,50Kv02,06.10.2014,0.009632
SI14231515,50Kv02,22.03.2015,0.0161
SI14232437,50Kv02,11.09.2014,0.01789
SI14280399,50Kv02,22.03.2015,0.006592
SI14280911,50Kv02,08.08.2014,0.007069
SI14290697,50Kv02,11.09.2014,0.02494
SI14332300,50Kv02,06.10.2014,0.01077
SI14390151,50Kv02,14.10.2014,0.01549
SI14441381,50Kv02,12.01.2015,0.007252
SI14468159,50Kv02,14.10.2014,0.007764
SI14514119,50Kv02,19.07.2015,0.01485
SI14515440,50Kv02,12.01.2015,0.01271
SI14553341,50Kv02,22.11.2015,0.01769
SI14565414,50Kv02,22.06.2015,0.01458
SI14575640,50Kv02,22.06.2015,0.007014
SI14575781,50Kv02,22.06.2015,0.007874
SI14582206,50Kv02,22.11.2015,0.009999
SI14582220,50Kv02,13.12.2015,0.008515
SI14587029,50Kv02,22.03.2015,0.006061
SI14697829,50Kv02,22.11.2015,0.01031
SI24273440,50Kv02,11.09.2014,0.01166
SI24409966,50Kv02,06.10.2014,0.009669
SI24423023,50Kv02,08.08.2014,0.04818
SI24423982,50Kv02,08.08.2014,0.0121
SI24468244,50Kv02,14.10.2014,0.01029
SI24514118,50Kv02,19.07.2015,0.02036
SI24574040,50Kv02,22.06.2015,0.01297
SI24645230,50Kv02,13.12.2015,0.008369
SI24733559,50Kv02,14.12.2015,0.007728
SI24749705,50Kv02,13.12.2015,0.007471
SI34168400,50Kv02,06.10.2014,0.007874
SI34294077,50Kv02,08.08.2014,0.008552
SI34409666,50Kv02,06.10.2014,0.0197
SI34453500,50Kv02,06.10.2014,0.005787
SI34510931,50Kv02,30.04.2015,0.00478
SI34523225,50Kv02,12.01.2015,0.08504
SI34527889,50Kv02,12.01.2015,0.005402
SI34551567,50Kv02,19.07.2015,0.4213
SI34574111,50Kv02,22.11.2015,0.008717
SI34575277,50Kv02,19.07.2015,0.02569
SI34575992,50Kv02,23.11.2015,0.1689
SI34582211,50Kv02,23.11.2015,0.01491
SI34587027,50Kv02,22.03.2015,0.005549
SI34706918,50Kv02,23.11.2015,0.01247
SI34733651,50Kv02,02.01.2016,0.007343
SI44231433,50Kv02,11.09.2014,0.03117
SI44328500,50Kv02,06.10.2014,0.01146
SI44453499,50Kv02,06.10.2014,0.006061
SI44454847,50Kv02,06.10.2014,0.007343
SI44532882,50Kv02,22.03.2015,0.008131
SI44708270,50Kv02,23.11.2015,0.008442
SI54048812,50Kv02,06.10.2014,0.0102
SI54219377,50Kv02,11.09.2014,0.01597
SI54222599,50Kv02,06.10.2014,0.009303
SI54285998,50Kv02,11.09.2014,0.01414
SI54468007,50Kv02,06.10.2014,0.02155
SI54468258,50Kv02,14.10.2014,0.008772
SI54502657,50Kv02,12.01.2015,0.005768
SI54570074,50Kv02,30.04.2015,0.004432
SI54575770,50Kv02,22.06.2015,0.01009
SI54751590,50Kv02,06.03.2016,0.007673
SI64175173,50Kv02,11.09.2014,0.02683
SI64231400,50Kv02,06.10.2014,0.005622
SI64304252,50Kv02,11.09.2014,0.01542
SI64306553,50Kv02,08.08.2014,0.0137
SI64409900,50Kv02,06.10.2014,0.008259
SI64409955,50Kv02,06.10.2014,0.0126
SI64458636,50Kv02,11.09.2014,0.02401
SI64472346,50Kv02,12.01.2015,0.01203
SI64502656,50Kv02,12.01.2015,0.6108
SI64532763,50Kv02,22.03.2015,0.006373
SI64570073,50Kv02,30.04.2015,0.004871
SI64582191,50Kv02,30.04.2015,0.01209
SI64639107,50Kv02,06.03.2016,0.007838
SI74208083,50Kv02,08.08.2014,0.02086
SI74231399,50Kv02,06.10.2014,0.005604
SI74304251,50Kv02,11.09.2014,0.004999
SI74332500,50Kv02,06.10.2014,0.0143
SI74384215,50Kv02,23.11.2015,0.02899
SI74409899,50Kv02,11.09.2014,0.1449
SI74409899,50Kv02,08.08.2014,0.1449
SI74458635,50Kv02,11.09.2014,0.04919
SI74468500,50Kv02,12.01.2015,0.006885
SI74513648,50Kv02,12.01.2015,0.007435
SI74523221,50Kv02,22.03.2015,0.003864
SI74523221,50Kv02,12.01.2015,0.003864
SI74546105,50Kv02,30.04.2015,0.006135
SI74548028,50Kv02,22.06.2015,0.01108
SI74570072,50Kv02,30.04.2015,0.007838
SI74570560,50Kv02,22.11.2015,0.006171
SI74582217,50Kv02,13.12.2015,0.01877
SI74587030,50Kv02,22.03.2015,0.006299
SI74733561,50Kv02,14.12.2015,0.006592
SI84048802,50Kv02,06.10.2014,0.006794
SI84280330,50Kv02,14.10.2014,0.01156
SI84292836,50Kv02,11.09.2014,0.004834
SI84294058,50Kv02,08.08.2014,0.01108
SI84333335,50Kv02,06.10.2014,0.01298
SI84409898,50Kv02,08.08.2014,0.07547
SI84415312,50Kv02,11.09.2014,0.03415
SI84462235,50Kv02,08.08.2014,0.06118
SI84462235,50Kv02,11.09.2014,0.06118
SI84468200,50Kv02,14.10.2014,0.01199
SI84498159,50Kv02,14.10.2014,0.04091
SI84530570,50Kv02,30.04.2015,0.005146
SI84548522,50Kv02,22.06.2015,0.01472
SI84574020,50Kv02,23.11.2015,0.01084
SI84574044,50Kv02,19.07.2015,0.03065
SI84733560,50Kv02,14.12.2015,0.006831
SI84749716,50Kv02,06.03.2016,0.007911
SI94293623,50Kv02,11.09.2014,0.03217
SI94293946,50Kv02,12.01.2015,0.007069
SI94399671,50Kv02,30.04.2015,0.005164
SI94409660,50Kv02,06.10.2014,0.02787
SI94515648,50Kv02,30.04.2015,0.05876
SI94527890,50Kv02,12.01.2015,0.01029
SI94565409,50Kv02,22.03.2015,0.006336
SI94574050,50Kv02,19.07.2015,0.01434
SI14280351,GGPv02,22.04.2014,0.003044
SI34280359,GGPv02,22.04.2014,0.003653
SI44280358,GGPv02,22.04.2014,0.002943
SI54280364,GGPv02,22.04.2014,0.009842
SI74280355,GGPv02,22.04.2014,0.00345
SI94280360,GGPv02,22.04.2014,0.005378
SI04352622,GGPv03,12.01.2015,0.007539
SI04384195,GGPv03,10.06.2015,0.01106
SI04472445,GGPv03,12.01.2015,0.008687
SI04513638,GGPv03,05.04.2015,NA
SI04513676,GGPv03,12.01.2015,0.00949
SI04574059,GGPv03,28.09.2015,0.0114
SI04575555,GGPv03,22.04.2015,0.008495
SI13699787,GGPv03,19.03.2015,0.03375
SI14048809,GGPv03,08.08.2014,0.01734
SI14208072,GGPv03,08.08.2014,0.01328
SI14231388,GGPv03,08.08.2014,0.01221
SI14231515,GGPv03,05.04.2015,NA
SI14239324,GGPv03,28.09.2015,0.01156
SI14280399,GGPv03,05.04.2015,NA
SI14280911,GGPv03,08.08.2014,0.02633
SI14390151,GGPv03,16.10.2014,0.006582
SI14390151,GGPv03,09.10.2014,0.006582
SI14441381,GGPv03,12.01.2015,0.006812
SI14468159,GGPv03,16.10.2014,0.005778
SI14468159,GGPv03,09.10.2014,0.005778
SI14468496,GGPv03,12.01.2015,0.0075
SI14514119,GGPv03,01.10.2015,0.01485
SI14515440,GGPv03,12.01.2015,0.009299
SI14565414,GGPv03,10.06.2015,0.007424
SI14575640,GGPv03,10.06.2015,0.007692
SI14575781,GGPv03,10.06.2015,0.01339
SI14587029,GGPv03,05.04.2015,NA
SI22600288,GGPv03,28.09.2015,0.01129
SI23719066,GGPv03,19.03.2015,0.006926
SI24409966,GGPv03,08.08.2014,0.01121
SI24423023,GGPv03,08.08.2014,0.01955
SI24423982,GGPv03,08.08.2014,0.03222
SI24468244,GGPv03,16.10.2014,0.004936
SI24468244,GGPv03,09.10.2014,0.004936
SI24514118,GGPv03,01.10.2015,0.0127
SI24574040,GGPv03,10.06.2015,0.01339
SI24574057,GGPv03,19.07.2015,0.01225
SI24575577,GGPv03,22.04.2015,0.007921
SI33111182,GGPv03,19.03.2015,0.01026
SI33869555,GGPv03,19.03.2015,0.008227
SI34168400,GGPv03,08.08.2014,0.01102
SI34294077,GGPv03,08.08.2014,0.008955
SI34352849,GGPv03,19.03.2015,0.0388
SI34453500,GGPv03,08.08.2014,0.01668
SI34510931,GGPv03,22.04.2015,0.006888
SI34514117,GGPv03,19.07.2015,0.02667
SI34523225,GGPv03,12.01.2015,0.1223
SI34527889,GGPv03,12.01.2015,0.01106
SI34532766,GGPv03,19.03.2015,0.05786
SI34587027,GGPv03,05.04.2015,NA
SI34646388,GGPv03,01.10.2015,0.01014
SI43031481,GGPv03,19.03.2015,0.0124
SI44453499,GGPv03,08.08.2014,0.01401
SI44454847,GGPv03,08.08.2014,0.02181
SI44468383,GGPv03,12.01.2015,0.005855
SI44468448,GGPv03,12.01.2015,0.007233
SI44528535,GGPv03,19.07.2015,0.1111
SI44532882,GGPv03,05.04.2015,NA
SI53980803,GGPv03,19.03.2015,0.01385
SI54048812,GGPv03,08.08.2014,0.006582
SI54216288,GGPv03,19.03.2015,0.01091
SI54352847,GGPv03,19.03.2015,0.007347
SI54468007,GGPv03,08.08.2014,0.03191
SI54468258,GGPv03,16.10.2014,0.005281
SI54468258,GGPv03,09.10.2014,0.005281
SI54502657,GGPv03,12.01.2015,0.00685
SI54570074,GGPv03,22.04.2015,0.008342
SI54574054,GGPv03,19.07.2015,0.01137
SI54574061,GGPv03,28.09.2015,0.01309
SI54575770,GGPv03,10.06.2015,0.006659
SI63761760,GGPv03,19.03.2015,0.01324
SI64231400,GGPv03,08.08.2014,0.008381
SI64306553,GGPv03,08.08.2014,0.02702
SI64409900,GGPv03,08.08.2014,0.00884
SI64409955,GGPv03,08.08.2014,0.02893
SI64468484,GGPv03,12.01.2015,0.006352
SI64472346,GGPv03,12.01.2015,0.008381
SI64502656,GGPv03,12.01.2015,0.2617
SI64532763,GGPv03,05.04.2015,NA
SI64570073,GGPv03,22.04.2015,0.006965
SI64574060,GGPv03,28.09.2015,0.01026
SI64575566,GGPv03,22.04.2015,0.007807
SI64575944,GGPv03,01.10.2015,0.01003
SI64582191,GGPv03,22.04.2015,0.02086
SI74208083,GGPv03,08.08.2014,0.0075
SI74216286,GGPv03,19.03.2015,0.01225
SI74216293,GGPv03,19.03.2015,0.006773
SI74280393,GGPv03,19.07.2015,0.01676
SI74330900,GGPv03,19.07.2015,0.01879
SI74409899,GGPv03,08.08.2014,0.01649
SI74468500,GGPv03,12.01.2015,0.007118
SI74513648,GGPv03,12.01.2015,0.007233
SI74523221,GGPv03,05.04.2015,0.007309
SI74523221,GGPv03,12.01.2015,0.007309
SI74546105,GGPv03,22.04.2015,0.01022
SI74548028,GGPv03,10.06.2015,0.00773
SI74570072,GGPv03,22.04.2015,0.01148
SI74570560,GGPv03,13.10.2015,0.02036
SI74587030,GGPv03,05.04.2015,NA
SI84048802,GGPv03,08.08.2014,0.01929
SI84280330,GGPv03,16.10.2014,0.00574
SI84280330,GGPv03,09.10.2014,0.00574
SI84294058,GGPv03,08.08.2014,0.008495
SI84352851,GGPv03,19.03.2015,0.006735
SI84409898,GGPv03,08.08.2014,0.01064
SI84462118,GGPv03,01.10.2015,0.008763
SI84462235,GGPv03,08.08.2014,0.01864
SI84468200,GGPv03,16.10.2014,0.005281
SI84468200,GGPv03,09.10.2014,0.005281
SI84468499,GGPv03,12.01.2015,0.007692
SI84498159,GGPv03,09.10.2014,0.007156
SI84498159,GGPv03,16.10.2014,0.007156
SI84514095,GGPv03,19.03.2015,0.007079
SI84530570,GGPv03,22.04.2015,0.01022
SI84548522,GGPv03,10.06.2015,0.01787
SI84574044,GGPv03,01.10.2015,0.009299
SI84575966,GGPv03,01.10.2015,0.01071
SI94216291,GGPv03,19.03.2015,0.01071
SI94293946,GGPv03,12.01.2015,0.006965
SI94352850,GGPv03,19.03.2015,0.009375
SI94399671,GGPv03,22.04.2015,0.006199
SI94514104,GGPv03,19.03.2015,0.008304
SI94515648,GGPv03,22.04.2015,0.01431
SI94527890,GGPv03,12.01.2015,0.01293
SI94532777,GGPv03,19.03.2015,0.006965
SI94565409,GGPv03,05.04.2015,NA
SI94574050,GGPv03,01.10.2015,0.1893
SI94576502,GGPv03,01.10.2015,0.009184
SI04232476,GGPv04,08.12.2016,0.008342
SI04352880,GGPv04,06.11.2016,0.008342
SI04355838,GGPv04,08.12.2016,0.00821
SI04443030,GGPv04,08.12.2016,0.008442
SI04514134,GGPv04,01.03.2016,0.006747
SI04527923,GGPv04,06.11.2016,0.008542
SI04583198,GGPv04,08.12.2016,0.008309
SI04603911,GGPv04,21.04.2016,0.02436
SI04640608,GGPv04,09.11.2016,0.009306
SI04749707,GGPv04,01.03.2016,0.007212
SI04749721,GGPv04,01.03.2016,0.006448
SI04819099,GGPv04,06.12.2016,0.008376
SI14232475,GGPv04,08.12.2016,0.008143
SI14340053,GGPv04,08.12.2016,0.381
SI14355837,GGPv04,08.12.2016,0.008741
SI14514133,GGPv04,01.03.2016,0.2357
SI14553341,GGPv04,28.12.2015,0.004919
SI14582206,GGPv04,28.12.2015,0.009572
SI14697829,GGPv04,28.12.2015,0.004786
SI14733660,GGPv04,02.01.2016,0.004786
SI14749751,GGPv04,08.12.2016,0.008475
SI14751783,GGPv04,06.11.2016,0.00914
SI14775754,GGPv04,31.07.2016,0.01246
SI14775754,GGPv04,31.07.2016,0.01246
SI14934720,GGPv04,16.02.2017,0.06033
SI24038476,GGPv04,08.12.2016,0.008509
SI24049294,GGPv04,08.12.2016,0.008509
SI24122760,GGPv04,08.12.2016,0.008442
SI24340052,GGPv04,08.12.2016,0.2959
SI24352864,GGPv04,06.11.2016,0.008309
SI24352871,GGPv04,06.11.2016,0.008608
SI24640620,GGPv04,09.11.2016,0.008542
SI24645230,GGPv04,20.01.2016,0.004686
SI24733872,GGPv04,19.04.2016,0.008342
SI24749705,GGPv04,20.01.2016,0.005384
SI24749729,GGPv04,01.03.2016,0.007046
SI24750004,GGPv04,31.07.2016,0.009805
SI24750004,GGPv04,31.07.2016,0.009805
SI24819107,GGPv04,06.12.2016,0.008143
SI34122752,GGPv04,08.12.2016,0.008176
SI34232497,GGPv04,08.12.2016,0.008342
SI34292831,GGPv04,08.12.2016,0.008608
SI34340044,GGPv04,08.12.2016,0.01688
SI34340051,GGPv04,08.12.2016,0.1804
SI34441413,GGPv04,08.12.2016,0.008509
SI34443020,GGPv04,08.12.2016,0.008043
SI34523225,GGPv04,28.12.2015,0.01273
SI34527920,GGPv04,06.11.2016,0.008608
SI34574111,GGPv04,28.12.2015,0.005052
SI34583205,GGPv04,08.12.2016,0.008741
SI34583212,GGPv04,08.12.2016,0.008575
SI34587034,GGPv04,01.03.2016,0.005684
SI34640605,GGPv04,09.11.2016,0.01678
SI34640612,GGPv04,09.11.2016,0.008077
SI34706918,GGPv04,28.12.2015,0.02802
SI34830961,GGPv04,09.11.2016,0.1037
SI44441319,GGPv04,08.12.2016,0.00811
SI44441371,GGPv04,08.12.2016,0.007711
SI44514123,GGPv04,01.03.2016,0.006215
SI44514130,GGPv04,01.03.2016,0.007478
SI44527912,GGPv04,06.11.2016,0.008775
SI44574110,GGPv04,31.07.2016,0.009506
SI44574110,GGPv04,31.07.2016,0.009506
SI44733533,GGPv04,07.12.2015,0.003257
SI44733636,GGPv04,02.01.2016,0.00472
SI44733870,GGPv04,19.04.2016,0.009273
SI44733887,GGPv04,19.04.2016,0.008841
SI44819033,GGPv04,06.11.2016,0.009406
SI44832883,GGPv04,08.12.2016,0.008409
SI54340042,GGPv04,08.12.2016,0.00801
SI54445769,GGPv04,08.12.2016,0.008409
SI54559996,GGPv04,08.12.2016,0.008309
SI54934733,GGPv04,16.02.2017,0.01848
SI54934740,GGPv04,16.02.2017,0.009306
SI64216287,GGPv04,06.11.2016,0.008243
SI64340041,GGPv04,08.12.2016,0.008243
SI64352891,GGPv04,06.11.2016,0.008675
SI64355825,GGPv04,08.12.2016,0.00811
SI64527927,GGPv04,06.11.2016,0.008376
SI64574101,GGPv04,31.07.2016,0.008143
SI64574101,GGPv04,31.07.2016,0.008143
SI64640602,GGPv04,09.11.2016,0.009406
SI64749725,GGPv04,01.03.2016,0.008077
SI64749749,GGPv04,08.12.2016,0.008243
SI64818999,GGPv04,06.11.2016,0.009207
SI74384215,GGPv04,28.12.2015,0.01273
SI74445774,GGPv04,08.12.2016,0.008043
SI74514113,GGPv04,01.03.2016,0.005916
SI74527919,GGPv04,06.11.2016,0.008708
SI74574100,GGPv04,31.07.2016,0.008908
SI74574100,GGPv04,31.07.2016,0.008908
SI74582217,GGPv04,20.01.2016,0.0473
SI74733561,GGPv04,24.01.2016,0.004686
SI74733767,GGPv04,24.02.2016,0.01034
SI74749748,GGPv04,08.12.2016,0.00801
SI83882355,GGPv04,08.12.2016,0.00811
SI84340049,GGPv04,08.12.2016,0.06717
SI84352882,GGPv04,06.11.2016,0.008808
SI84356666,GGPv04,08.12.2016,0.007844
SI84527918,GGPv04,06.11.2016,0.008309
SI84527925,GGPv04,06.11.2016,0.008741
SI84574020,GGPv04,20.01.2016,0.006282
SI84583217,GGPv04,08.12.2016,0.008276
SI84640600,GGPv04,09.11.2016,0.401
SI84640617,GGPv04,09.11.2016,0.008077
SI84733560,GGPv04,24.01.2016,0.004886
SI84749730,GGPv04,01.03.2016,0.00791
SI84749761,GGPv04,08.12.2016,0.008874
SI84778633,GGPv04,31.07.2016,0.008509
SI84778633,GGPv04,31.07.2016,0.008509
SI84934730,GGPv04,16.02.2017,0.01047
SI94219373,GGPv04,08.12.2016,0.007977
SI94283002,GGPv04,06.11.2016,0.3222
SI94462117,GGPv04,07.12.2015,0.003091
SI94565409,GGPv04,20.01.2016,0.03121
SI94574050,GGPv04,20.01.2016,0.005052
SI94583209,GGPv04,08.12.2016,0.008376
SI94733655,GGPv04,02.01.2016,0.004819
SI94749708,GGPv04,01.03.2016,0.005949
SI94816592,GGPv04,31.07.2016,0.01509
SI94816592,GGPv04,31.07.2016,0.01509
SI94819100,GGPv04,06.12.2016,0.008176
